Date,F_trend_sma,F_momentum_rsi,F_volat_bb,F_volume_obv
2021-03-19,-0.018016728826799278,0.1953079667853002,0.13138174761813343,-0.07042249972918302
2021-03-22,-0.028002843715425163,0.1771144665996137,0.11752291983569167,0.05948080315886761
2021-03-23,-0.032783091752907056,0.1668160967190505,0.11025386982133012,0.05856638213950438
2021-03-24,-0.02364968425068492,0.19211031157465353,0.0955684122722704,-0.042630310967844864
2021-03-25,-0.026392862376693582,0.1831296441032998,0.08326225158696761,0.12138971970872925
2021-03-26,-0.01606547939343106,0.2222825899938421,0.07206877990162044,-0.0915485190945533
2021-03-29,0.07787235485409294,0.541669523107028,0.08964979270543134,-0.2603198592718309
2021-03-30,0.0588718668184236,0.5006650544240443,0.10021714859396988,0.29725402450543625
2021-03-31,0.07441396805536638,0.542898276815983,0.12190218882373113,-0.1396860233933228
2021-04-01,0.054348635879094775,0.5050167960465308,0.13132353764861876,0.19216005234235012
2021-04-05,0.06753294230655604,0.541898875939938,0.1452112791352166,-0.09526530838307523
2021-04-06,0.06874632836039796,0.553833211100254,0.15798003452529724,-0.11530541828057517
2021-04-07,0.07809901587904111,0.5841660527280296,0.1723464310223132,-0.13879121086501145
2021-04-08,0.0633433399639689,0.5589812478695242,0.17842216244920095,0.176804438097812
2021-04-09,0.066044855089195,0.576198464561414,0.18625872254169856,-0.09617592839719202
2021-04-12,0.06716451283560332,0.5909390186984773,0.1931442069124703,-0.1394798648500165
2021-04-13,0.056187411791960296,0.5730513672892691,0.19591043693383678,0.1479982921739269
2021-04-14,0.06052978525229191,0.5967155289100569,0.19899519981272815,-0.3747779813069819
2021-04-15,0.07870434110287028,0.6480656263817495,0.20872810034900166,-0.5893638430705426
2021-04-16,0.05897976201655286,0.6029664087434978,0.20855159350257488,0.9714204483916387
2021-04-19,0.06854293052166738,0.6369743804553025,0.21056474166219183,-0.4011482175844854
2021-04-20,0.054642653282442,0.6143075106372787,0.20310300002776102,0.8414618763115949
2021-04-22,0.0469841652457188,0.6143075106372785,0.187808800635785,0.0
2021-04-23,0.048838090006545265,0.6367915109017728,0.1707607826699803,-0.2889756571449923
2021-04-26,0.057907609298679,0.6752963346962644,0.1470691819630897,-0.6629618925002408
2021-04-27,0.08219414745147202,0.7342025304128009,0.13026343130067,-2.7352008731354918
2021-04-28,0.11669810999232921,0.7861180983174562,0.16700969584042977,1.1305148710575974
2021-04-29,0.12091343760086604,0.8004508629318507,0.19415732958510884,1.1535184833723457
2021-04-30,0.08144315101384425,0.6901632359259742,0.20299653102141083,-0.23934770829661256
2021-05-03,0.049268458642387936,0.6164975743249945,0.19729733611053768,-0.3437808426093598
2021-05-04,0.03690749879937916,0.5971553719802958,0.19200236413426985,-0.5918691637676231
2021-05-05,0.030132291675822875,0.5914454509364349,0.1857165724060356,-2.5393427651290597
2021-05-06,0.06459869898829473,0.6612134524544718,0.18911443333442773,-1.0803642987249544
2021-05-07,0.06936155654187148,0.6789271232396427,0.19028874901596002,11.933557829296722
2021-05-10,0.06242891722473076,0.6789271232396427,0.18954002768380313,0.0
2021-05-11,0.0822316845965736,0.7187255955818711,0.19520297160239572,0.8764970959343081
2021-05-12,-0.006637522828014997,0.5097336237263775,0.18207870723928185,-7.626532256773415
2021-05-13,-0.02561009045996976,0.48001946213467583,0.17190192791152822,0.10929383777097357
2021-05-14,-0.057712248735628746,0.4278777983288917,0.17458823181581284,0.08543608827686744
2021-05-17,-0.04744511585946032,0.44934934572958274,0.17121570577330403,-0.051060716115474136
2021-05-18,-0.03606512664084538,0.47260292369700474,0.1691922096524464,-0.09832814107895516
2021-05-19,-0.07065515667394195,0.41586541344166733,0.17533729338285994,0.07713124787965664
2021-05-20,-0.07632559936078553,0.4056670621121414,0.1836009220419158,0.05346943929587944
2021-05-21,-0.08506834369731398,0.38950257477733097,0.19702721693953765,0.05577890693457821
2021-05-24,-0.08120250936488416,0.39187517662390403,0.21094108464504704,-0.058791173657211204
2021-05-25,-0.0882412247800175,0.3731365779593298,0.22737359991677564,0.04489248113159805
2021-05-26,-0.08717794996414563,0.3637707389204686,0.2365415694051212,0.1057078861607379
2021-05-27,-0.0638568694849011,0.40654946020342353,0.23295543082272158,-0.06098911780800875
2021-05-28,-0.04829996820259441,0.4322439324979118,0.23183121986880434,-0.04776498418782149
2021-05-31,-0.037219318733691,0.4501898520986884,0.23226420813488521,-0.03622572782958344
2021-06-01,-0.013056337157578368,0.5011331803612051,0.2304878905815619,-0.04859069169287589
2021-06-02,-0.004636732554206824,0.5149612716333892,0.2282004894019674,-0.05576124383880443
2021-06-04,-0.019993641925522776,0.4683576252924425,0.21674848357255383,0.057294791128968514
2021-06-07,-0.02199974691279416,0.4507838548156581,0.19750294859458267,0.040100575818553086
2021-06-08,-0.022623426538421088,0.43538982539800997,0.1722068773884855,0.027657649022305497
2021-06-09,-0.002327590340796215,0.46887458156233985,0.10666800387182375,-0.02740777318272536
2021-06-10,0.009972395376949938,0.49315327001902726,0.08988706484201846,-0.027919220210883777
2021-06-11,0.031004491570093995,0.5408689398959665,0.08351896619187794,-0.0354521542450168
2021-06-14,0.029068543420444293,0.5379981318312592,0.08697184314663371,0.04115181151300096
2021-06-15,0.025776962644953993,0.528927979220776,0.08747001232939133,0.02622907005302011
2021-06-16,0.0061624637984141195,0.4718207485036738,0.08081975895843697,0.04914580299305049
2021-06-17,-0.008290827558225966,0.43630845541419355,0.08122979723339262,0.04685638223643962
2021-06-18,0.0038773086948209468,0.47292716471382845,0.08097927678088182,-0.031132718771149093
2021-06-21,0.001697939616642774,0.470186633502825,0.07880047190757185,0.03548215540153499
2021-06-22,-0.0044001965453683844,0.45595554086331186,0.07667745871051222,0.02218133849490389
2021-06-23,-0.007835582331482849,0.45008788338576977,0.07038408054329501,0.03406393698543497
2021-06-24,-0.008456643266800956,0.45387223257323883,0.05949793631453864,-0.07088831743364887
2021-06-25,-0.011302536896583226,0.44724225691635217,0.05548255876329486,0.03787101180602992
2021-06-28,-0.01753634896313261,0.4270884039527882,0.05601595401775124,0.04107307039298158
2021-06-29,-0.019079370693370512,0.42028900282879833,0.05836873056742215,0.03133574859160104
2021-06-30,-0.029506752895108068,0.3810891851719269,0.06325297375347029,0.04204807729351301
2021-07-01,-0.032995049179920355,0.3628652418124514,0.0670724828123345,0.03506119506406313
2021-07-02,-0.028102878300417578,0.37886003862671186,0.0720416325613497,-0.017928502465656138
2021-07-05,-0.02275263542306749,0.4004698263336623,0.07522321851178497,-0.013482445157649736
2021-07-06,-0.024052115548598207,0.3931050091925545,0.07827206629528391,0.016673090565805904
2021-07-07,-0.023608676099481696,0.3892506044577121,0.08129903103245471,0.030374091090405786
2021-07-08,-0.029770735307799057,0.3589315144010075,0.08468041436051588,0.034531173346415533
2021-07-12,-0.016164503861148205,0.4197713799192364,0.07765130455832377,-0.027555091885528293
2021-07-13,-0.016375630560058863,0.407283945153894,0.06887393452080759,0.016393885778679174
2021-07-14,-0.01247917348652694,0.41354532956636375,0.05788860643858103,-0.022070906215075792
2021-07-15,-0.014831661989235023,0.39554190794751365,0.05551134886590629,0.012396379101174526
2021-07-16,-0.013603606997147022,0.3955419079475137,0.05624196074309776,0.0
2021-07-19,-0.018958197765851392,0.363429492760877,0.05448748970934947,0.027615381009243656
2021-07-20,-0.01262789358192562,0.3937199454411106,0.050394471415199406,-0.018006579534142753
2021-07-21,-0.017126679551180968,0.36561679242936956,0.04869466119463493,0.019146880443310144
2021-07-22,-0.008959772934739929,0.41090040240289194,0.04487750360592663,-0.015748930830495
2021-07-23,-0.0103997034585811,0.39569076700419736,0.03956217686676495,0.012162141769193058
2021-07-26,0.007998099336950615,0.5016377934893574,0.032953239725134746,-0.027695618622025964
2021-07-27,0.005427402359882372,0.48448756629375134,0.028189377036614637,0.025627603171103353
2021-07-28,-0.00021956210901608042,0.45125570346789834,0.02290336836374583,0.04686003289219309
2021-07-29,0.03856251882151285,0.6229880602069432,0.04261914214705482,-0.057102389829815636
2021-07-30,0.007335905993688829,0.496385392366842,0.04305548653474389,0.042401258113258455
2021-08-02,0.015628187384506775,0.527250114134669,0.045465022749392174,-0.025052172192033706
2021-08-03,-0.010874103931944323,0.44058524245346864,0.04653830533820395,0.04204192011906693
2021-08-04,-0.0059291899742482945,0.45661683337538617,0.046861243047630514,-0.026847984391406343
2021-08-05,-0.03261890894458164,0.38278415197520416,0.056088326931118176,0.04851243991883081
2021-08-06,-0.031326265112730844,0.38278415197520416,0.06318971870497164,0.0
2021-08-09,-0.04580546764986981,0.34407122498561404,0.07640958655483981,0.03406179264503084
2021-08-10,-0.04769969311006683,0.33435940777793527,0.08864412694054911,0.01971760673884715
2021-08-11,-0.04823838724384699,0.3269069750084246,0.0994139674735047,0.016505771152488524
2021-08-12,-0.05102382475626566,0.31433194879840676,0.11040543137063198,0.017727688419822307
2021-08-13,-0.06899713756739911,0.27158102248867644,0.12803427559454394,0.025484079650487823
2021-08-16,-0.09647368322627703,0.22336714741722993,0.15737041035367952,0.06807369941072627
2021-08-17,-0.15069726954523854,0.1640128214418277,0.2122317192512148,0.06211320583740099
2021-08-18,-0.16835216968871147,0.1465991122011929,0.26587729916111214,0.04132988454218145
2021-08-19,-0.16200536662315324,0.1450908952843961,0.30689602580423403,0.035129853242773956
2021-08-20,-0.17415315131763587,0.13193543685798192,0.3484771238002146,0.029682881539497163
2021-08-23,-0.17901901034243262,0.12324407425286277,0.3846176595335035,0.03231757662444079
2021-08-24,-0.08240725520675474,0.37056093158904396,0.3871055900392802,-0.031758278726889744
2021-08-25,-0.08760320322597492,0.3541256150911662,0.39026318865087467,0.020041151429776916
2021-08-26,-0.1059509054088662,0.32070427795567175,0.3840347587373108,0.020248533336923558
2021-08-27,-0.06005883070069362,0.3950047868482304,0.3735077885067192,-0.024850974320637875
2021-08-30,-0.02565086923245552,0.4404597306635928,0.351246249899947,-0.020338574784132257
2021-08-31,-0.07037470007996327,0.37648844538619924,0.3406999651921232,0.03297564735544567
2021-09-01,-0.07422076176778991,0.3616727736383984,0.32440710113361265,0.020599204608669597
2021-09-02,-0.09175909068056043,0.3346013579701293,0.318572293228473,0.027243076876714234
2021-09-03,-0.06330130639266152,0.36853567583937624,0.3010276816026792,-0.023388896364753053
2021-09-06,-0.04262571046986474,0.39006978959719624,0.2816156943200215,-0.012796677408927537
2021-09-08,-0.07088799905956122,0.35007139331283754,0.26413895162531165,0.028605136204066905
2021-09-09,-0.07426743710804062,0.3367889375961602,0.24197852476029816,0.03151064401046311
2021-09-10,-0.05726752870203855,0.350067418168557,0.20858635850927626,-0.018860572537954035
2021-09-13,-0.03883003659853512,0.3691118905876757,0.17343368628860525,-0.01483133373026746
2021-09-14,-0.05654975609236146,0.34140866790899393,0.15521872148510776,0.018625331650744315
2021-09-15,-0.08652103689886903,0.30695068705401374,0.17301422794349372,0.03427607146362388
2021-09-16,-0.11946034317975196,0.2747035908360552,0.2071313236699189,0.036297688986626664
2021-09-17,-0.12890962887050106,0.26259962167324163,0.24105128081118807,0.09580432738646816
2021-09-20,-0.1600973963731438,0.23611709814308823,0.28593781085446657,0.04673960334280225
2021-09-21,-0.13410927142890727,0.27832072489156195,0.3138526944333106,-0.025660478814305665
2021-09-22,-0.10248739955036701,0.32156917822225856,0.31836351431354337,-0.025482826520768054
2021-09-23,-0.09799465251936512,0.3174715728497808,0.32282165469532154,0.025064028378342762
2021-09-24,-0.09923676553914207,0.30899065266486764,0.33276927492983677,0.024695134131985874
2021-09-27,-0.03486493985636674,0.4131080915366626,0.31707443417230574,-0.03334759525643449
2021-09-28,-0.07872171248298954,0.3567800746717954,0.29179662968766723,0.03539634606472042
2021-09-29,-0.03550111167414072,0.4119479529187155,0.2769599100208444,-0.025133212216464473
2021-09-30,0.005683495882165435,0.46167107620732467,0.26143640361741033,-0.054430514411470954
2021-10-01,0.031645630256141866,0.49184892473708525,0.25440241509052386,-0.02350626132086664
2021-10-04,-0.005647824775138144,0.4436402635402992,0.23840410849413904,0.01753194772573341
2021-10-05,-0.010091227843996187,0.43182294655625647,0.2123606319542604,0.013734325306902662
2021-10-06,-0.011670039460024983,0.42485854015179264,0.19939397358912864,0.022652194824713368
2021-10-07,-0.013742962397585545,0.4176054234820869,0.18932629448390942,0.028578888709566153
2021-10-08,0.011117457362446626,0.4504423115491259,0.17330664782919483,-0.022966168203018777
2021-10-11,0.046464311518980006,0.49739303955765135,0.1530421969886632,-0.03286321130672043
2021-10-13,0.012244810406522477,0.4498010708875983,0.13789379939368415,0.05249380591484454
2021-10-14,-0.0005725041975449541,0.4323676281373821,0.13412777106184104,0.021603544663137964
2021-10-15,0.08262108824554582,0.5460533195240926,0.1543609329771936,-0.04730598408193176
2021-10-18,0.0857603931386457,0.5566774706257827,0.17113013328712298,-0.02380875059730647
2021-10-19,0.0373943771582006,0.5018639159916817,0.15776461779526868,0.020420600577615078
2021-10-20,-0.011791079840771435,0.4487839791307269,0.1470861706162448,0.031768109430519775
2021-10-21,-0.036009245527002465,0.4238150682362818,0.14637145825432832,0.023390595489426902
2021-10-22,-0.030293368101369178,0.4328762725119266,0.14314767696024966,-0.03029613506853912
2021-10-25,-0.03907760562181317,0.42390210276198126,0.13856120571502742,0.03247131134491865
2021-10-26,-0.06913176811557453,0.3875608249685106,0.15352060828941416,0.019360357705854092
2021-10-27,-0.08512526223811867,0.369682529731347,0.16694099050163022,0.01497411606547927
2021-10-28,-0.10952805902983143,0.34188962689114355,0.19668176342796273,0.023663580653548122
2021-10-29,-0.13909992516209968,0.30983598512771154,0.23589732167630204,0.02312047502053516
2021-11-01,-0.11286997670536436,0.3416276411254509,0.253305767194927,-0.021248446688037603
2021-11-03,-0.1334718163779952,0.3173015969242355,0.28324220973733616,0.03076060343942877
2021-11-04,-0.1248218585795301,0.3203670862669144,0.3076271932116753,-0.04346357376170129
2021-11-05,-0.06808217961989849,0.40897175142603404,0.3145523797584377,-0.02847898220630518
2021-11-08,-0.02010479070148119,0.47336987118843127,0.3148117057291244,-0.03204864283808395
2021-11-09,-0.022983687364159566,0.4652814495383189,0.31288910962573596,0.03656421216856898
2021-11-10,-0.04664264254378181,0.42970010946307396,0.3063700725565775,0.031025298517215028
2021-11-11,0.04957265804018163,0.5460181692845204,0.30498926465200893,-0.04050965340461443
2021-11-12,0.04444445659590279,0.5396679531101867,0.30498926465200893,0.023494317437097623
2021-11-16,0.015053663993030764,0.49616746305203935,0.2786245690482556,0.009553181301025448
2021-11-17,0.009015324986069828,0.48028510481508063,0.2396761326510986,0.010707655389097015
2021-11-18,-0.005322530074772902,0.4566707708478598,0.21370255816105108,0.016166453962040084
2021-11-19,0.03689452706458152,0.5067305418171226,0.20508463849676895,-0.02242403004336646
2021-11-22,0.0442539686322172,0.5150980615556303,0.2037853976307829,-0.037369225917515014
2021-11-23,0.0632158297180685,0.5382930542966953,0.20504447318673982,-0.029683788963431157
2021-11-24,0.08560954354853978,0.5667015909896816,0.21503211745392317,-0.013501055312819754
2021-11-25,0.07826081062854784,0.5613874025421057,0.22636410322034706,0.009878369400955656
2021-11-26,0.040582647014532736,0.5098950697787716,0.22866128806115527,0.020545038660548576
2021-11-29,0.03117712835578823,0.5024504515939067,0.2255056182551938,0.018761916463390538
2021-11-30,0.024980681820286454,0.5024504515939067,0.20915275528754354,0.0
2021-12-01,0.0019663493217869643,0.4730779699610303,0.19562641652979892,0.021992738222657016
2021-12-02,0.0335173071136472,0.5343707543192031,0.16819093718126635,-0.013088816341665699
2021-12-03,0.014749432948751418,0.5147458438188238,0.1292676030132271,0.017233434940438386
2021-12-06,0.04875195509709229,0.5726896798221212,0.12075837432304294,-0.0207783450198058
2021-12-07,0.08891114351020435,0.6284346438728169,0.14390616421927002,-0.03495924080990809
2021-12-08,0.07562485141828423,0.6160702911869723,0.15510250798495906,0.029438896792726377
2021-12-09,0.1093815266834115,0.6641103868225977,0.17056638531263224,-0.021567964962158404
2021-12-10,0.09135388727190508,0.6386122403376338,0.19025503312014658,0.019997975817840352
2021-12-13,0.11381342719994247,0.6693712842333746,0.21731393766426166,-0.03097459330679797
2021-12-14,0.08382319943160521,0.6248264423166073,0.22621523203443225,0.015474339860889419
2021-12-15,0.0850112050403955,0.6360061095759737,0.23098797410916982,-0.01994204273623279
2021-12-16,0.09510987755829348,0.6596692460829923,0.23116360908309036,-0.03681655162854791
2021-12-17,0.1295629301171699,0.7056417129988715,0.25289958835768145,-0.027852527665453097
2021-12-20,0.04812336122692251,0.5687074415593885,0.24817137208163015,0.027871100855535902
2021-12-21,0.07071008420247082,0.6016591426392168,0.2505105937685025,-0.025187257982593247
2021-12-22,0.02259582465515897,0.5345304535954201,0.2481264255235433,0.016492473538630037
2021-12-23,0.019215987074266527,0.5345304535954201,0.24454870716271046,0.0
2021-12-27,0.023013857253517234,0.5466669254185194,0.23314819670697973,-0.0117669615604018
2021-12-28,-0.0071569672521640815,0.506380041696707,0.217445847993331,0.01984191404599467
2021-12-29,-0.002652380523958775,0.5198303169057018,0.1989836664514627,-0.01800688028552766
2021-12-30,0.027626083894374487,0.5720645429790353,0.16964623688048316,-0.13688219477817565
2022-01-03,0.06643689877138015,0.627053799977903,0.16166359236100514,-0.04345585540781072
2022-01-04,0.12833955857016832,0.6951056028676004,0.17671920250982392,-0.06128910331947435
2022-01-05,0.034121080184464025,0.564264700094535,0.16353198024284935,0.041668518973329016
2022-01-06,0.010573383537306746,0.538368312354644,0.1587859368202151,0.02752216234217353
2022-01-07,0.029968620754863506,0.5630493495929473,0.15377701124209386,-0.0251222613541775
2022-01-10,0.029099568907775097,0.5646160698168329,0.1552888039855099,-0.02239518473844815
2022-01-11,0.027563371565989758,0.5662910658955475,0.15478116094600136,-0.019677205947492227
2022-01-12,0.06891047258043925,0.6156484029643701,0.16721652524909414,-0.04590308732824233
2022-01-13,0.04302443262377853,0.5811831967431202,0.16929676747411654,0.017838940441258666
2022-01-14,0.04230090199342307,0.5845229273626281,0.17189498427323488,-0.014030337528076031
2022-01-17,0.02041639202125567,0.5513770880376856,0.17251528433492586,0.012074864234365545
2022-01-18,0.0429683989689551,0.5806445531061154,0.17461833650919942,-0.023405488191217683
2022-01-19,0.05243632859864644,0.598284168007402,0.17714077290519153,-0.029946395582275187
2022-01-20,0.03797897649236637,0.5773610143373846,0.1796425175168096,0.0163177870269009
2022-01-21,0.027523753686901076,0.5666896583203986,0.1719188117201507,0.01619053086710487
2022-01-24,-0.0015005677402682993,0.5201035746285393,0.16062369345575844,0.0197631405495462
2022-01-25,0.026710216496310668,0.5688738850585974,0.15239182015209315,-0.029913454044414145
2022-01-26,0.020943448436485657,0.5688738850585974,0.1297313768152009,0.0
2022-01-27,0.0009841585689063237,0.5385180113363472,0.10308210947255268,0.03564546607324903
2022-01-28,0.00231309465370666,0.5456390997095963,0.09025581510971048,-0.03147573232179246
2022-01-31,-0.021037849054107105,0.4986795302940103,0.09178707114285954,0.036659603286156806
2022-02-01,0.01230220444030894,0.5523696303136526,0.07422632883843003,-0.02737780640542853
2022-02-02,0.00659824985172941,0.5438166332903931,0.07159331737239479,0.025453339960987087
2022-02-03,0.0028011626057617978,0.5408109058001017,0.05926047918944703,0.014028870629088974
2022-02-04,-0.0037777600579894655,0.5282328927933573,0.055437551674041255,0.028644468210473395
2022-02-07,-0.004682976516030668,0.5282328927933573,0.051577138720478116,0.0
2022-02-08,-0.012155841484042473,0.5110035733468944,0.04879381270599778,0.024686800139630982
2022-02-09,-0.02780693751514096,0.4682400814837543,0.05168558225633212,0.03964042080117092
2022-02-10,-0.03565406026408713,0.4465693220347247,0.06165263423966519,0.05219417818736782
2022-02-11,-0.0697675203132353,0.3745610805964483,0.08995359467896141,0.0373720985072179
2022-02-14,-0.05744365937191265,0.40150580456832424,0.10490697038152624,-0.017735521323764658
2022-02-15,-0.0566037813169763,0.39625320345909415,0.11687393890303766,0.013193425171646567
2022-02-16,-0.05359171417285846,0.3934815763577147,0.12328699392559292,0.018618503617876758
2022-02-17,-0.08517354768322793,0.3290360867418902,0.14510497051746357,0.01674452301675
2022-02-18,-0.09090906384177322,0.3120983043749972,0.16693184398423344,0.013279045740133943
2022-02-21,-0.10291763637334495,0.2881380302445027,0.19364002983190037,0.014561728694430176
2022-02-22,-0.08486218135699464,0.3253248072492579,0.2054530078276937,-0.013006121522213476
2022-02-23,-0.09660296338001806,0.2980754469842687,0.21965770110184926,0.01638373598438858
2022-02-24,-0.09705210395867403,0.2880806449641088,0.23486044152904317,0.031155215891667476
2022-02-25,-0.07268921422170493,0.34485760716689995,0.23914374754909656,-0.02078260208006355
2022-03-02,-0.027173109642195437,0.45423082097166334,0.2377971354594106,-0.017409200229974053
2022-03-03,-0.00037683321913484225,0.5021786599797229,0.22623098327365723,-0.029213330467271592
2022-03-04,0.019512906939823216,0.5344771148464867,0.2144571242758554,-0.016764507137427165
2022-03-07,0.028519324903172105,0.5460117225587786,0.20206451409163098,-0.027086713995165268
2022-03-08,-0.004952384584012037,0.4679666452195344,0.18836549976673556,0.020486196737875106
2022-03-09,0.025680059123726506,0.5210489999356637,0.1727756669737912,-0.026400599500930877
2022-03-10,-0.002072452190615137,0.4630086469439575,0.15585961732589332,0.025984957747623216
2022-03-11,-0.0074748330674421215,0.4476647113554277,0.143872722775897,0.018997296176905598
2022-03-14,-0.06313029814656368,0.3616266023609834,0.1462721189994392,0.022176359222652486
2022-03-15,-0.10666889875785435,0.31025423289981274,0.17683455253036687,0.023506391906654045
2022-03-16,-0.10750818033929477,0.30301121541764076,0.2011075385574814,0.03352990576478976
2022-03-17,-0.08845910018874603,0.32996467336745,0.21446351322269028,-0.014592582443191282
2022-03-18,-0.0227598176853252,0.4430415341138321,0.21058363073085254,-0.03282681284727651
2022-03-21,-0.016341139502750734,0.45072068001939863,0.21099473238291094,-0.014211260182517171
2022-03-22,-0.006221068866135493,0.46656180110098155,0.21115337919971275,-0.01677224968635893
2022-03-23,-0.024818339571960224,0.43927560853831304,0.21213842786226572,0.01431038166792753
2022-03-24,-0.019090975035613078,0.4479675263563644,0.21309954393248048,-0.022980749090314112
2022-03-25,-0.017650369348044426,0.45102233679546283,0.21282336261922782,-0.017091193825639506
2022-03-28,-0.027311877675800345,0.435451867405395,0.2126288661993765,0.020407360878901937
2022-03-29,-0.035585638891420746,0.41984286613880045,0.2153420220657751,0.018967159063595807
2022-03-30,-0.019890818446861913,0.4482423053240256,0.2140514347066037,-0.024764483962461448
2022-03-31,-0.028046300241894695,0.4257957289057848,0.20820166218970665,0.016484020344457395
2022-04-01,-0.00858577739791544,0.4586398589913878,0.19278645704067823,-0.012802135142327198
2022-04-04,0.009114559698398361,0.48674339949357287,0.1701174133947354,-0.012847636749362401
2022-04-05,-0.02542709619126149,0.41683296402116454,0.16202454913289416,0.02073428650245912
2022-04-06,-0.027240493227989493,0.4038200140275471,0.13700006211368465,0.018362874951304953
2022-04-07,-0.02721471590575375,0.3958352997532236,0.1234769673119376,0.012718702631365097
2022-04-08,-0.03059526580790184,0.38226836621875493,0.1113451842166739,0.021230258385777967
2022-04-11,-0.02256272490461575,0.3999855107292703,0.11343507161656395,-0.012733355757216347
2022-04-12,-0.034861565610959655,0.37947369732567215,0.10921076194153802,0.02717405461855904
2022-04-13,-0.02641638695916315,0.4075198443847613,0.09842655348419214,-0.017229008494967224
2022-04-14,-0.033623939758498644,0.3947117789965535,0.09439406140634526,0.008550819983942803
2022-04-18,-0.03263402762898149,0.39139992454054756,0.09779580434849298,0.008804335326586976
2022-04-19,-0.02972611497990707,0.3913999245405476,0.0986913027777507,0.0
2022-04-20,-0.06465162475551645,0.31729522434316304,0.10995200661062533,0.015926361311190407
2022-04-22,-0.0877606480596912,0.277252894414846,0.13584664273209474,0.01430077777537786
2022-04-25,-0.09175955470313724,0.26456228867814424,0.15787041334173144,0.014978600024558197
2022-04-26,-0.1296883906251367,0.2165319042370345,0.19592071515047146,0.01631556819479174
2022-04-27,-0.10545906546569084,0.26943313332317664,0.21679552220802134,-0.014569434509798085
2022-04-28,-0.09376111028344902,0.28502984069524895,0.23191786691590338,-0.013457434985249983
2022-04-29,-0.08651755331001387,0.28502984069524895,0.23978908864811022,0.0
2022-05-02,-0.06141275617708941,0.3440789558585926,0.2417051901920498,-0.02115012582302045
2022-05-03,-0.017490732773126405,0.4436105870258611,0.23085180657701257,-0.02524572945755832
2022-05-04,0.025618272536596542,0.5217618509556505,0.2122138161514101,-0.026319835922289703
2022-05-05,-0.03776952517335852,0.4125521330982751,0.20777940046338103,0.03178022074578135
2022-05-06,-0.05752822166357219,0.38068054691256525,0.2083090293260291,0.017195644656141873
2022-05-09,-0.0803957877732836,0.3473365749040094,0.21537372330650706,0.01815962310120156
2022-05-10,-0.1373195306431806,0.2876445512674375,0.2465598499353789,0.03586508791053711
2022-05-11,-0.11816453490155221,0.30707526851821265,0.2623841364476516,-0.030755425925533597
2022-05-12,-0.13703176934550365,0.283737724728123,0.28583513817128486,0.025368689611780626
2022-05-13,-0.09681598196660746,0.34148433562936426,0.28744014637140564,-0.017822357657653054
2022-05-16,-0.09166105649840695,0.337576251634227,0.28630649280651566,0.01813888944599218
2022-05-17,-0.0923777594257783,0.3274861758481795,0.28217774342549207,0.024766843628588386
2022-05-18,-0.1214029503986862,0.29179436503261963,0.2835128777607086,0.023340131370197303
2022-05-19,-0.03520383262257831,0.42355032767921813,0.273356891178863,-0.03785319878558102
2022-05-20,0.0028870588074692005,0.4695112461695567,0.26682550713893427,-0.026346586991742083
2022-05-23,0.011925301516940934,0.4779167530414938,0.2618582872582584,-0.02170089700300415
2022-05-24,0.007585989950438243,0.4725412617334519,0.26185293288360684,0.0133254793463633
2022-05-25,0.004464124257761659,0.4668858876208723,0.26088654255437366,0.015986383437134766
2022-05-26,0.020535785073058754,0.48989654848391473,0.25969838630208947,-0.010990689235473305
2022-05-27,0.03376685137239077,0.5094414284144808,0.2594673244534384,-0.02363112948190138
2022-05-30,0.041233922934632794,0.5193580109944784,0.2568674371272317,-0.009097864314902337
2022-05-31,0.05897836566765702,0.5425919685950344,0.24498081391190674,-0.017972038555362446
2022-06-01,0.06792898700486916,0.54929538387047,0.21167877183847345,-0.012327168878208505
2022-06-02,0.16177135399692744,0.6674067818719206,0.24986185644313508,-0.04294484476736704
2022-06-03,0.12408603927654682,0.6100204636035277,0.27183382928784583,0.019073111855572478
2022-06-06,0.13796457603165369,0.6326947390824804,0.29951748659007377,-0.018030702056997416
2022-06-07,0.10180409708149907,0.5884777458243956,0.3044988627990385,0.019556236837325214
2022-06-08,0.0702483987494038,0.5504984255515727,0.302412040621232,0.0379893913668381
2022-06-09,0.06086223636500776,0.5504984255515728,0.28848381851498817,0.0
2022-06-10,0.09296475034752794,0.6043430792074925,0.28876620220109234,-0.030626891929150912
2022-06-13,0.05328777501865245,0.5510303787640745,0.2768638832640537,0.03291169603113819
2022-06-14,-0.008264493002116291,0.4705619181420049,0.2543607338018979,0.02600391765681853
2022-06-15,-0.029245764516722783,0.4521275742923544,0.20744031653075182,0.031906907542525564
2022-06-17,-0.07301070853146907,0.4013323825570284,0.20258224216160634,0.02817560477193659
2022-06-20,-0.10745497201686338,0.3636230101286462,0.22102092196773232,0.021446560219434474
2022-06-21,-0.11257862069079849,0.35562630380455373,0.2419898314240407,0.0169255480048498
2022-06-22,-0.12349777846698073,0.34147344651463757,0.2657393795666845,0.019238648457353902
2022-06-23,-0.14401749502250616,0.3181022867649699,0.2962456395275987,0.02564972889805306
2022-06-24,-0.1329843074496161,0.3304400794170417,0.3220905372585831,-0.02073669221662433
2022-06-27,-0.10947374281138,0.3674178806169667,0.3396778403822908,-0.01264334894657515
2022-06-28,-0.11257018784486383,0.35795587303550663,0.35778070674218726,0.017488905232686758
2022-06-29,-0.12078538701275876,0.3413869243446292,0.37737359837514134,0.01743032278080414
2022-06-30,-0.16747548470448181,0.2880537659040035,0.4113652291750222,0.03958357041382321
2022-07-01,-0.16483996632141662,0.2790260902791852,0.4244160840210929,0.022209274678606672
2022-07-04,-0.17371930673979596,0.2613822484010353,0.4444109369263286,0.021848105119623318
2022-07-05,-0.17668411253902383,0.24787815735639523,0.4540462071808611,0.026828420127186003
2022-07-06,-0.1602261557800665,0.2530728294372635,0.4599302769776055,-0.021866201480016945
2022-07-07,-0.13094394477423354,0.2900379771319866,0.4587151530183588,-0.013138000842806696
2022-07-08,-0.12195113916256961,0.28568769233179414,0.44945158964484205,0.015788355948219923
2022-07-11,-0.14511232902390492,0.25119833442586065,0.41829219776463683,0.012382076923507457
2022-07-12,-0.13108056959635173,0.24929184025626663,0.3843643358834515,0.013834751978943682
2022-07-13,-0.12179162577021785,0.2452822542472698,0.3651463717892498,0.017864869391657434
2022-07-14,-0.14702875676232385,0.21543016706680956,0.352247004890521,0.0179716954046385
2022-07-15,-0.1313393825826875,0.22180510479171228,0.347065331838122,-0.013133152575421358
2022-07-18,-0.12241408735194581,0.21988105267240293,0.3491134303903987,0.019664261527000182
2022-07-19,-0.08303348619140416,0.29257347640778564,0.3386846390524868,-0.010573721440839012
2022-07-20,-0.060438789480964705,0.32343393117164787,0.32485700727398353,-0.011048426154727897
2022-07-21,-0.05253152818754314,0.32343393117164787,0.315504117734426,0.0
2022-07-22,-0.06759907769957985,0.29643817293051483,0.3028722161928616,0.03331228487499405
2022-07-25,-0.06479820520710122,0.2878145500628716,0.27278878955023755,0.021883634275368324
2022-07-26,-0.07813391508979539,0.2630882368942087,0.24011361263021874,0.021552656063627884
2022-07-27,-0.023836581971993676,0.36717440898479453,0.19165450104324713,-0.01573507088530335
2022-07-28,0.009122011396571539,0.42211383727869234,0.17032013298691812,-0.01709699930216324
2022-07-29,0.002147593623717192,0.40689702871079286,0.15047614484709113,0.01676471329273821
2022-08-01,-0.00028733251282031524,0.399148773835569,0.13904091100955326,0.01406872770817924
2022-08-02,0.02099500551608946,0.43938528027334633,0.1346840574067689,-0.016548204572649383
2022-08-03,0.011381671736617305,0.4219951312233324,0.12793455568938378,0.01226728153235368
2022-08-04,0.05536335511271551,0.5016501679031282,0.12198448350557134,-0.02697583121182001
2022-08-05,0.06674366314623725,0.5206222934371683,0.12326136145245156,-0.011617189576585751
2022-08-08,0.06398285518684,0.5206222934371683,0.13619569642513477,0.0
2022-08-09,0.0746524980579002,0.5456949999675968,0.15259445632095509,-0.014864657639761747
2022-08-10,0.1057282182322592,0.6037286482240514,0.18148237691153468,-0.013136348834358325
2022-08-11,0.09713001220964834,0.6037286482240511,0.19625865372515627,0.0
2022-08-12,0.1047246585647934,0.6290903265998992,0.21190340400874827,-0.01746433251108981
2022-08-15,0.08220898976765945,0.5949200940675095,0.21531288752547464,0.013420079307874255
2022-08-16,0.06500679759865235,0.5683244308627137,0.21900258736336997,0.027218048561843178
2022-08-17,0.10394056359253101,0.6416458735631317,0.23621761740584926,-0.03685979234895598
2022-08-18,0.07274458853894017,0.5849954299403312,0.24146524829479127,0.023972130085887722
2022-08-19,0.013587030597064897,0.48295219397032385,0.23109023476277557,0.01726545332976448
2022-08-22,-0.011911091501149107,0.449198976191883,0.2165218828127932,0.015638510276155815
2022-08-23,0.04952358813326696,0.5574520114311852,0.19318337614406644,-0.016463684867172312
2022-08-24,0.047999921668552714,0.5645416564880263,0.18367932922839525,-0.01755906013520525
2022-08-25,0.04006379778846414,0.5597137342755168,0.1790802268854484,0.013280626245323557
2022-08-26,0.014263148499221279,0.5213020710792076,0.1657944190639376,0.014098026464547608
2022-08-29,-0.003025213141073846,0.4982852990354687,0.1467266348303503,0.010376817345614686
2022-08-30,-0.04862041296722974,0.4289408967919911,0.1403990911540775,0.017022692568367637
2022-08-31,-0.04999360728384583,0.428940896791991,0.1286769163646902,0.0
2022-09-01,-0.05449784969293625,0.420947889849637,0.1335350021180024,0.023525132750397137
2022-09-02,-0.06328135411630909,0.4047047565944497,0.14400644053893696,0.02771073988263817
2022-09-05,-0.041474707061537996,0.4503836712374785,0.1472229152059794,-0.0086628784105659
2022-09-06,-0.0627063616948117,0.41207520343457044,0.15854109259131333,0.009566682175141672
2022-09-08,-0.058605227210396627,0.41207520343457044,0.16693369857892432,0.0
2022-09-09,-0.0063761951383546345,0.513409437581081,0.16511596925527716,-0.02117677476038704
2022-09-12,0.0038610897253925636,0.5272645063717871,0.15954054621722585,-0.01026522690908327
2022-09-13,-0.019895794344927165,0.47836913265452424,0.15751241735995458,0.015232405631709467
2022-09-14,-0.03536987637379607,0.4471125260055754,0.15930225896261002,0.016620466394317912
2022-09-15,-0.045307410285011174,0.4216798515791231,0.14892596429726176,0.009726981298696646
2022-09-16,-0.05058983753457125,0.4051348482532432,0.14660323020938207,0.017843727443692003
2022-09-19,-0.03208283221323216,0.4405905177011384,0.1496007128150797,-0.021015421278819058
2022-09-20,-0.03607891977415234,0.43136132683860984,0.15345939131363304,0.020256422016783793
2022-09-21,-0.05727595273870778,0.38763670744898654,0.15168032927531314,0.02880638789592993
2022-09-22,-0.011563957803109814,0.47379790264989524,0.1342958668009626,-0.01934816605459011
2022-09-23,-0.04128556072677492,0.418800153343188,0.11887808855317937,0.020484447338069423
2022-09-26,-0.06276162535380758,0.3820607810651407,0.11888287491986883,0.016030026257819463
2022-09-27,-0.05978098916380914,0.3784854097965777,0.12058893826575462,0.017247854939441698
2022-09-28,-0.06963629542202554,0.3603270671414627,0.13690412786522102,0.023043409419063465
2022-09-29,-0.08433739411347008,0.3360214918112018,0.15772090113317205,0.01291977450374282
2022-09-30,-0.05778526276001539,0.38691994533722407,0.16632504486713906,-0.027793814488564994
2022-10-03,-0.002848829862061031,0.487418424387838,0.16601081324877995,-0.015773738149466143
2022-10-04,0.05053394818678525,0.5643288067297557,0.16902605190621714,-0.023186374266133347
2022-10-05,0.048444509608402075,0.5643288067297557,0.1744590751203461,0.0
2022-10-06,0.051736460411873963,0.5721656742613526,0.18056707947560363,-0.018628168032185588
2022-10-07,0.05218387421007442,0.5721656742613525,0.17839994706877912,0.0
2022-10-10,0.045009242005948025,0.5548040886748463,0.17160424389204976,0.008420259237757799
2022-10-11,0.02330856121419589,0.5103334209439302,0.16854904913433003,0.00938294907619297
2022-10-13,-0.030786778409419346,0.41975058471589755,0.17007886596236346,0.032605775439972895
2022-10-14,-0.06697186359778717,0.37021385869965556,0.18182566255761315,0.021608259801647378
2022-10-17,-0.06101940142569795,0.37587944403819473,0.19125150902094426,-0.013691807423938385
2022-10-18,-0.03239760008227277,0.4259352313342145,0.19307248650047548,-0.010746089241321144
2022-10-19,-0.04913287697206825,0.3991231753756036,0.1983666273258667,0.013076791066714
2022-10-20,-0.027777966008604382,0.43727106216355816,0.20023674081288362,-0.01518768927511116
2022-10-21,0.005797049154752321,0.4918657591083773,0.19729895249857266,-0.010912565940298435
2022-10-24,-0.013635044523362616,0.4612017308335206,0.19786865099239925,0.009142710159496525
2022-10-25,-0.03628452911226665,0.42833581926791625,0.19949730759280412,0.010467937046977571
2022-10-26,-0.05246321480847771,0.40502397329258494,0.204125700770382,0.020559590741869194
2022-10-27,-0.03253928944878359,0.4431040810642895,0.20271301380574014,-0.018703366831348767
2022-10-28,-0.053288723456821674,0.41453202626761276,0.20053460886257782,0.01841745370239911
2022-10-31,-0.041533597643154785,0.4368771992333444,0.2010528246488356,-0.017145988224089415
2022-11-01,0.030329308573843194,0.5519718877068425,0.20232744080852766,-0.03224660600457396
2022-11-03,0.02138807575651902,0.53319439204269,0.192534291981683,0.016644746624181694
2022-11-04,0.07376704126122191,0.5992614451684612,0.192534291981683,-0.022399351116169863
2022-11-07,0.06581250657219928,0.5844155063855859,0.18798921278304526,0.013758712911967397
2022-11-08,0.1653861991674006,0.6851988171169574,0.23150451602845284,-0.05289523630615578
2022-11-09,0.14607395728912476,0.661214885699134,0.2610285564247298,0.034719811124227506
2022-11-10,0.1697247425645665,0.6871589568298984,0.30230565224021144,-0.04209208054096514
2022-11-11,0.20207971189528529,0.7213302147207782,0.3533630525621704,-0.048013803612550254
2022-11-14,0.1855640134663079,0.7213302147207782,0.383315342666296,0.0
2022-11-16,0.19293533557764952,0.739454275306317,0.41137375800523013,-0.022817884712763137
2022-11-17,0.14841843081930528,0.6799263055341374,0.424193503786195,0.021767548178724283
2022-11-18,0.09699575631286939,0.6110579470772719,0.4182666829245174,0.01662139110494998
2022-11-21,0.06670190032994494,0.5771582715604182,0.40985391153184936,0.013444493498792509
2022-11-22,0.06207596106809388,0.5807370101278174,0.4052722740332292,-0.016142240627217475
2022-11-23,0.056386008151621425,0.5845231471666041,0.3947866050240052,-0.023000899747337655
2022-11-24,0.06338045728728048,0.6074320474457627,0.37713857595354855,-0.007312979297842692
2022-11-25,0.041108836960663364,0.584301401509629,0.34770802882514557,0.013215351531642217
2022-11-28,0.018055490806795582,0.5558103501725933,0.31867787312581636,0.006035510813606759
2022-11-29,0.0812814144490801,0.6539402394817145,0.28397740487773904,-0.024015944453535942
2022-11-30,0.08119590855060155,0.6685434155737404,0.24504606976061682,-0.02282519655643056
2022-12-01,0.05488767823734486,0.6339709727651069,0.22320504277963407,0.009398769277456864
2022-12-02,0.04500082899443436,0.6339709727651069,0.1870517318962107,0.0
2022-12-05,0.03497541478822708,0.6276963159533321,0.16465110449536163,0.019393996114409395
2022-12-06,0.029987261077599747,0.6316227480475802,0.12861404052435974,-0.016862859400341823
2022-12-07,0.01401499450992727,0.5976827647743687,0.1254391912549131,0.008932533710831914
2022-12-08,-0.004363313968109961,0.5588742841437565,0.11743201089384397,0.0182855808924709
2022-12-09,0.08881763806244658,0.6917826412166989,0.14211640127818628,-0.04907720330806398
2022-12-12,0.02646353864956419,0.5756710194373682,0.14378367437780523,0.025076098077172704
2022-12-13,0.015499685042491107,0.5581258511089154,0.14415050265198262,0.022452084594762667
2022-12-14,0.03913460676245584,0.5885140776820805,0.14573795196275469,-0.028203991059239653
2022-12-15,0.02974519488886984,0.574335243991153,0.14815546504613766,0.02131989201880069
2022-12-16,0.0215482999842469,0.564570007803739,0.1461446682924877,0.017977958882140266
2022-12-19,0.01775776090267467,0.564570007803739,0.13789005692829748,0.0
2022-12-20,0.04416616730168044,0.6106377184925867,0.13419411123970648,-0.015923470208970003
2022-12-21,0.03398505011489239,0.5992580907365979,0.12690698071892884,0.01319519937691993
2022-12-22,0.0447956374649332,0.6220154561559709,0.1263921742724551,-0.014879826950809139
2022-12-23,0.04675339968715475,0.6332307862118703,0.12088108287570341,-0.018496056121083848
2022-12-26,0.0402685965799634,0.6332307862118703,0.10272955774009475,0.0
2022-12-27,0.04965257317950256,0.6531243873904816,0.11179080342792017,-0.01412418553153938
2022-12-28,0.05411653600262967,0.6648704035879868,0.12247249665058957,-0.011724710307079778
2022-12-29,0.04667186474217244,0.6536963659318258,0.127915936239044,0.01262706365492594
2023-01-02,0.03316592444681121,0.6215720177329063,0.12892431247543232,0.008738510247872089
2023-01-03,0.01771435207479466,0.5830042963787169,0.12613655363093132,0.016793417754504603
2023-01-04,0.012776385500784082,0.5753153861327391,0.12279303901225798,0.015584680894268121
2023-01-05,0.026610011471071005,0.6137188977047479,0.11684351723852007,-0.023690178198368605
2023-01-06,0.08155904883477993,0.7133990774285981,0.12475795110347188,-0.039496515681240796
2023-01-09,0.0687314816760316,0.6830289661183557,0.1390275980092772,0.020327434750555096
2023-01-10,0.12885287978665905,0.7600377153365702,0.17967707120385984,-0.02712664394965858
2023-01-11,0.11370613203718527,0.7460941485456988,0.20037693889380176,0.024461434228079337
2023-01-12,0.10723351566185513,0.7485778772841531,0.21890030862910348,-0.015596763850627138
2023-01-13,0.10948836546520924,0.7611580898165364,0.23353495957864465,-0.013931051985084708
2023-01-16,0.060790642546246554,0.6432992507738828,0.22878327063668316,0.010364442992841782
2023-01-17,0.0827509773085,0.683640319759401,0.22794408613320322,-0.012512539801410538
2023-01-18,0.11982776103976689,0.733563942159792,0.24629472124487584,-0.02832940942314588
2023-01-19,0.10251252016047419,0.7153289138306894,0.2534858818542169,0.01982120020106226
2023-01-20,0.09761640731735532,0.7203205097757993,0.2600885435704098,-0.01837926884192742
2023-01-23,0.1276668745009435,0.760946170646431,0.2768390656503835,-0.01584330083425467
2023-01-24,0.13762634971749277,0.7800605078233477,0.29398859865100224,-0.015588154297605183
2023-01-25,0.1572878887974276,0.8052189510646699,0.31796209182589363,-0.016482490913949932
2023-01-26,0.15614608272410568,0.814365986453828,0.33826529099529346,-0.013513354418099977
2023-01-27,0.12521902383048378,0.7629219793308978,0.3429930253097088,0.017793375156011537
2023-01-30,0.1159169356583265,0.7668865838850614,0.3393594419770272,-0.014431280398861213
2023-01-31,0.13822864881059727,0.7994010425794972,0.3355945091249562,-0.027999789654173823
2023-02-01,0.12196653289695769,0.7994010425794972,0.320632963678128,0.0
2023-02-02,0.03225794708789942,0.5959009239494395,0.2871642020482748,0.03178829703610653
2023-02-03,0.02325579918980525,0.5916328386085064,0.26866011104275384,0.019973977314139857
2023-02-06,0.008213512656735977,0.5739244049338214,0.24251399692448092,0.023940850948017678
2023-02-07,0.00828310004003363,0.5806826302483382,0.23316927672804716,-0.012661603842530456
2023-02-08,0.013740444653363992,0.5978554377832611,0.22138747889526317,-0.011604507523429897
2023-02-09,-0.008214295741524658,0.5538831608401259,0.20827902654076247,0.01826957570102894
2023-02-10,-0.009400527636802325,0.5577754334077395,0.19679346284817748,-0.011570339001262364
2023-02-13,-0.02767989361860146,0.5233564784262769,0.16952993544023065,0.011770771102076916
2023-02-14,-0.041976325412913074,0.4951521418207568,0.15373648697453293,0.014118239801137689
2023-02-15,0.005407721086486683,0.593461182094168,0.14662007596472038,-0.032731074469996346
2023-02-16,-0.020489712170972618,0.539186401152079,0.1376631270098698,0.016756310824415532
2023-02-17,-0.02025345684108526,0.5429375388535866,0.12894153090339378,-0.011942400334453263
2023-02-22,-0.020253456841085482,0.5429375388535865,0.12894153090339378,0.0
2023-02-23,-0.023074733370574863,0.5328753671941255,0.13091101277223272,0.020213703228931346
2023-02-24,-0.07200962471095951,0.41977445474831093,0.1451442447456731,0.02189711812888473
2023-02-27,-0.0644574767785212,0.42464517122140505,0.1512973085796351,-0.013087082488648316
2023-02-28,-0.053807052858090176,0.43983754388541546,0.156037447358764,-0.018134976694648697
2023-03-01,-0.025682877825276562,0.4970455879004901,0.15194558674434566,-0.028225555536420588
2023-03-02,-0.0025601596216705547,0.5353719250328136,0.12771918281253336,-0.019479918017098807
2023-03-03,0.025693575258432633,0.5811964945986502,0.09579126439260818,-0.012636212934020397
2023-03-06,0.02537742989649394,0.5811964945986501,0.09697106229295396,0.0
2023-03-07,0.013256669052820635,0.5497554457938157,0.09644666778107576,0.015520016596598962
2023-03-08,0.0422650419647248,0.606995787550897,0.10382247745614295,-0.01958078395237084
2023-03-09,-0.008009810997904543,0.4942216061470493,0.10363816129139332,0.050263008102777285
2023-03-10,-0.022130748494306518,0.46448232479830237,0.10374515193308084,0.01890284293043898
2023-03-13,0.006690581453162148,0.5190266282933126,0.10374515193308084,-0.018578956326486984
2023-03-14,0.0009268929480583665,0.5071076280264458,0.10346387008651821,0.014127043962033126
2023-03-15,-0.032690398693464906,0.44477471648570044,0.1079744241281257,0.027787080109068496
2023-03-16,-0.033856306281420445,0.4413379644686098,0.1116396793693647,0.02584828904507841
2023-03-17,-0.04228852403538319,0.4203518130403613,0.11389581660334498,0.01615758673321488
2023-03-20,-0.025656877400655698,0.45303014151611315,0.11572141649907666,-0.01226433476026978
2023-03-21,-0.061130825028950175,0.3889367617470912,0.12829450374919812,0.015054141362382811
2023-03-22,-0.053105679966914066,0.39858224038462775,0.13624102558840487,-0.017396286506703995
2023-03-23,-0.05743737382001235,0.3854769369631654,0.14530623109905424,0.01265597272333574
2023-03-24,-0.044009246029914406,0.41647033719997223,0.14889955226279844,-0.017739474071245986
2023-03-27,-0.05314212634196924,0.39843624521326704,0.15550464744162867,0.0123164113298182
2023-03-28,-0.03937507029941145,0.4303155981244134,0.15920591624342598,-0.014322380351592057
2023-03-29,-0.028982345026978384,0.4511962647396075,0.16161069271770262,-0.011575707097348786
2023-03-30,0.01217571021294761,0.537846124707363,0.1596447604120774,-0.013128726872469021
2023-03-31,0.02651100231702519,0.5613968088445724,0.15276601881546367,-0.01806728518633971
2023-04-03,0.00393494390513438,0.5058737076122377,0.14301284640354073,0.01839857125555544
2023-04-04,-0.016113574430413058,0.46087620999501494,0.13680128520869478,0.01845583278507812
2023-04-05,-0.02747957382606403,0.4308596383754734,0.11509708683591544,0.011968285083940211
2023-04-06,-0.01819360721609309,0.44544554149115023,0.11136511012782382,-0.0066603262045384914
2023-04-10,0.00021558982006486538,0.4834624258569533,0.10942211339258996,-0.009549382070983436
2023-04-11,0.03980143617376375,0.5570422295795379,0.1039066457114341,-0.016245822152238798
2023-04-12,0.06476979485375911,0.5981406399608953,0.1114499753916702,-0.01770221816802442
2023-04-13,0.04764978424900557,0.5651977396392633,0.11950339391436562,0.017190980579379955
2023-04-14,0.014944671368188223,0.5014627573746672,0.12010865272455998,0.018428940348923506
2023-04-17,0.00977537274644269,0.49347213838264653,0.12019961364271081,0.011801001193524119
2023-04-18,0.011706593521662922,0.4977813371024793,0.1204644199897219,-0.015050418793308595
2023-04-19,-0.010941869962928674,0.45600553596370014,0.11660602857179703,0.00866594112806407
2023-04-20,-0.001713728454865615,0.4795258403060157,0.11291617122679563,-0.013609700730503826
2023-04-24,-0.05456110039615503,0.38896992100653677,0.11818658378567927,0.02643196747468246
2023-04-25,-0.08191783761291072,0.34920042674787816,0.13914920448244306,0.015039602054349066
2023-04-26,-0.05100069628749049,0.4137510996601643,0.14365754497349068,-0.017139273241203345
2023-04-27,-0.039310753457336256,0.43529400253708794,0.14717462380437885,-0.01006743089513329
2023-04-28,-0.0010763627089800387,0.5057129093747282,0.14671350481488749,-0.02221230779827088
2023-05-02,-0.0005769896382553652,0.5038625308147363,0.14436539619398117,0.023059849541356536
2023-05-03,-0.008895180107030165,0.4839967202120314,0.13903971797353756,0.015168176687311519
2023-05-04,-0.032791119498894905,0.43923736938521235,0.14148303105041307,0.04188079114320287
2023-05-05,0.015284823081549881,0.5258168339682782,0.14209602133247135,-0.07054770869129323
2023-05-08,0.05768041225622289,0.5907678903736542,0.1505822224356635,-0.051729142370975145
2023-05-09,0.07700662523958024,0.6204365045387406,0.16578305594516934,-0.02681459740937342
2023-05-10,0.06821554089108517,0.611216499160975,0.17717035382409496,0.016941549877181883
2023-05-11,0.03051489237884253,0.5418431339687824,0.1770933219384433,0.026489952169590714
2023-05-12,0.04082161595186751,0.5554281524295812,0.17329984345231722,-0.013519062075599608
2023-05-15,0.05433212169097423,0.575749233274999,0.17607479690228187,-0.01695118243710103
2023-05-16,0.04753509151380708,0.5664544840414675,0.1810962684005289,0.018466334724874356
2023-05-17,0.0985172724747756,0.6412905379671905,0.20263466370877603,-0.024264690962815916
2023-05-18,0.10198321773245844,0.6520701587770033,0.22325604089883433,-0.019871708380303832
2023-05-19,0.13211882575252298,0.6941385178818471,0.2528162684042424,-0.02999780184373746
2023-05-22,0.09738587629661621,0.6357079837143818,0.26653039471013357,0.021028006482520567
2023-05-23,0.06395511925522412,0.5869352768129221,0.2603356460043911,0.019575875542598098
2023-05-24,0.02225196372081828,0.5275019908308708,0.23486610699292093,0.020569650792595873
2023-05-25,0.018415177707183483,0.5309123156982739,0.21647455460287776,-0.012181902882797413
2023-05-26,0.02350997363938423,0.5484605337078343,0.19907159667957025,-0.02181939353548812
2023-05-29,0.017173335845203752,0.5440767027497341,0.19097896327024336,0.01105258724488034
2023-05-30,-0.014343322899360356,0.4893206628156622,0.1812076519001665,0.01560248687071053
2023-05-31,-0.02583871753081457,0.4735290076402798,0.16743872546371003,0.015457610760925222
2023-06-01,-0.014958892435694815,0.5037133316162657,0.1358503607201989,-0.02065749184247545
2023-06-02,0.02438700476172251,0.5781351632639393,0.12371923139849553,-0.026999939346151525
2023-06-05,0.03433199412738541,0.5976289984162308,0.12538578120602484,-0.015412933618886404
2023-06-06,0.04057589126425709,0.6105491569440447,0.1307032186725907,-0.01974928139997212
2023-06-07,0.00479504956219734,0.5363591147663357,0.1301965570536537,0.038338353570586126
2023-06-09,-0.008156587575986918,0.5152871566000051,0.1222583942113382,0.031314023023282456
2023-06-12,-0.026298607402363783,0.48261639524525823,0.11859736426501374,0.025365055736969344
2023-06-13,-0.04088739631982696,0.4554078374369259,0.12184445897232904,0.02767002090092574
2023-06-14,-0.02391317093366374,0.4907434567204416,0.12009353983431553,-0.046438244822730734
2023-06-15,-0.021786614615417088,0.4907434567204415,0.12068685264788089,0.0
2023-06-16,-0.02337783907851987,0.4816817655350768,0.11959630037891941,0.02692262626223818
2023-06-19,-0.006251979940894659,0.5108627654365782,0.1000190025723237,-0.017495403268495857
2023-06-20,-0.020255505257469775,0.47265343950537064,0.09128079353104832,0.020107921587292132
2023-06-21,-0.03257866921958352,0.4415352029245679,0.09283291701231247,0.028453413539475392
2023-06-22,-0.04371887991518808,0.41623889753713605,0.10172495388423723,0.016133049342306638
2023-06-23,-0.03515580770325566,0.4337086353662275,0.10713575011891678,-0.01698211091154478
2023-06-26,-0.028457052947716055,0.44561980895622016,0.10966114943146817,-0.014440557002969534
2023-06-27,-0.030532641906097502,0.4357493789086919,0.11261759929526095,0.01661410196384927
2023-06-28,-0.05080961350438706,0.3893164194377311,0.12217750990039504,0.025244359104419356
2023-06-29,-0.04708635347224388,0.39624520656985185,0.129124148167804,-0.026452536245980984
2023-06-30,-0.0619391160897691,0.36096254431581876,0.14206496964987506,0.02934323551724982
2023-07-03,-0.046008154704529125,0.3970958996166978,0.14210826399471455,-0.011521031629341594
2023-07-04,-0.04491826027326851,0.38765406203780584,0.1350003699783014,0.009176332747510285
2023-07-05,-0.04316050208690947,0.3779752442642077,0.11857832068451765,0.013550220002551905
2023-07-06,-0.05385237962107303,0.34546407055405454,0.1195644519342718,0.016405982893861415
2023-07-07,-0.02928284474202625,0.4151210509842735,0.11480937681035205,-0.013184185331633236
2023-07-10,-0.04607551945956756,0.37243673316562087,0.11916959873157383,0.015495834060250013
2023-07-11,-0.04286215898366741,0.37243673316562087,0.12461771390658766,0.0
2023-07-12,-0.038730791932784614,0.37243673316562087,0.12382724991636705,0.0
2023-07-13,-0.014513042295149048,0.4438588427968238,0.11661569118205652,-0.013709340726782093
2023-07-14,-0.011504988144696582,0.4438588427968238,0.10901315719452517,0.0
2023-07-17,-0.0032988161736724475,0.4597059422235311,0.0914510983693094,-0.010999553024382935
2023-07-18,-0.018680507938542923,0.40944679488059627,0.08141726433670554,0.01949937555354153
2023-07-19,-0.022770449964530926,0.39213303065230604,0.07740947327754165,0.01320839578272226
2023-07-20,-0.029495695130686395,0.36968683903823646,0.0790897673012057,0.011460655286372967
2023-07-21,-0.010491144561899146,0.4310630239598522,0.0728587874944295,-0.01141697387346241
2023-07-24,0.030657283267920166,0.5465446618421597,0.06771237557095278,-0.021653571348840717
2023-07-25,0.05363523788679769,0.5982083050298769,0.07656309258488224,-0.021042092660835343
2023-07-26,0.06051587876966602,0.6170051718081964,0.09448442853610482,-0.011041218150246834
2023-07-27,0.031001422411921054,0.5359931152677957,0.09804945517348702,0.012342284242913948
2023-07-28,0.017793649656461463,0.506171105713154,0.09912545391957321,0.010834133607455332
2023-07-31,0.053005104831244765,0.5856230191500275,0.11069803356872594,-0.01788814273311201
2023-08-01,0.038838387066030045,0.5555429674068812,0.11629101775540265,0.008417265512172145
2023-08-02,0.018387559704799328,0.5103723973228225,0.11696114615098999,0.015550690688987956
2023-08-03,0.009293081897232325,0.4941465875027759,0.11389264059899219,0.015442119097376361
2023-08-04,-0.009528225347970265,0.45280500253452105,0.11389264059899219,0.01599123353764642
2023-08-07,0.002818244660564906,0.48744042758727957,0.11000129434899827,-0.010107221829958712
2023-08-08,-0.014547087208477083,0.45153186907352877,0.10646982729482264,0.011552632753516257
2023-08-09,-0.028852881288695675,0.42278215857480356,0.10528490074803169,0.012718019957079552
2023-08-10,-0.030288810212380723,0.4180050099326811,0.10854349436517832,0.011015642166012807
2023-08-11,-0.027141303653235527,0.42500187048008653,0.1110699771248427,-0.00807835955153946
2023-08-14,-0.030588296920190494,0.4142746547379636,0.11474300872495176,0.01307475269557501
2023-08-15,-0.03920874594931956,0.3929149028593141,0.11856994953817274,0.009537565256431568
2023-08-16,-0.04548661946292898,0.3772064679366904,0.12299661133772923,0.014726784658452674
2023-08-17,-0.04514905996696672,0.3772064679366904,0.12504669295484624,0.0
2023-08-18,-0.04177479902651893,0.38668553799811983,0.12962809700308678,-0.011032965694669605
2023-08-21,-0.038825718812959154,0.38668553799811983,0.13379465350860628,0.0
2023-08-22,-0.023405070697401942,0.4364262257466077,0.12882565594634687,-0.012666585786097362
2023-08-23,-0.0011918963779380398,0.5055266994244348,0.11626799209421482,-0.01595250823524008
2023-08-24,-0.019842189654735498,0.44014434279088727,0.11348911852475223,0.016088123098167095
2023-08-25,-0.019889789480618814,0.4334363253920424,0.1127362570192847,0.007647831681640849
2023-08-28,-0.004209241154786492,0.47640402954607836,0.09426129191600496,-0.012103710722800032
2023-08-29,0.01952269654435934,0.5435122792844058,0.07893873545032545,-0.013277557274060214
2023-08-30,0.04806647705068956,0.6144650988216399,0.08228101654345193,-0.016783569384152708
2023-08-31,0.0313252724405102,0.5598041090347621,0.08148632092308963,0.013146328022797249
2023-09-01,0.048707122045379636,0.6032432074277817,0.09238185802642962,-0.014972125937461556
2023-09-04,0.05895059985671969,0.6279544709139278,0.10459134757929935,-0.012294887418910272
2023-09-05,0.038120245594067015,0.5670943427016035,0.11013256416703994,0.017868015009589566
2023-09-06,0.026684256782657734,0.5389679451497477,0.11255252170378212,0.013223516020118176
2023-09-08,0.006575060009580858,0.48694878489391186,0.11208469205268086,0.01518767682960842
2023-09-11,0.04422459015070901,0.5797671340780629,0.11888600004537125,-0.019296810110323026
2023-09-12,0.022957142066896585,0.5310755682858156,0.11942425522335505,0.014614648525762997
2023-09-13,0.018035148854175453,0.5251383896041368,0.11712444873572249,0.010858544745235177
2023-09-14,0.04653901083921186,0.5936312828533484,0.11909912954466356,-0.01815414198410359
2023-09-15,0.05522902401474261,0.6189952428911258,0.12289221024054531,-0.022253302123739216
2023-09-18,0.04549168197531506,0.6054301713297805,0.1222643501688637,0.014123710856708716
2023-09-19,0.03829577551417107,0.5983690811059136,0.11780767775650658,0.014193765648783163
2023-09-20,0.053850605635305415,0.6391582087955068,0.12112718516611423,-0.019777266103188973
2023-09-21,0.0647614093376141,0.6674470003860173,0.13220845153768682,-0.037178528066324046
2023-09-22,0.07142854914582553,0.6898886909133958,0.13826246005816362,-0.022941142236575285
2023-09-25,0.051314095159903816,0.6431484837360649,0.1329409832687618,0.013943664314513882
2023-09-26,0.032725686946665,0.5994144894502218,0.12453964023364143,0.018235166456107788
2023-09-27,0.03743796745335293,0.6180609080379891,0.12276777084566003,-0.017495169016917833
2023-09-28,0.051567223056214306,0.6528639989319115,0.1303908130516178,-0.02253402905620938
2023-09-29,0.08283088010392015,0.7127615344021101,0.1469126788841578,-0.02421487599558758
2023-10-02,0.0643261211854178,0.668893027836539,0.1562874375299286,0.02153147119097043
2023-10-03,0.049368945669218345,0.6338805743953271,0.16140723254138162,0.019346943435377684
2023-10-04,0.027903417559395294,0.5814396957948175,0.1582560279423818,0.018339202172530156
2023-10-05,0.025810138130347715,0.5860500190872007,0.1512974430810561,-0.017076926245293444
2023-10-06,0.018579265744425033,0.5791797867722696,0.1341801315979626,0.0167439335003714
2023-10-09,0.015471812237075389,0.5791797867722694,0.12847661638135835,0.0
2023-10-10,0.025919206645357074,0.615747682951395,0.11603991932287071,-0.017571332018421093
2023-10-11,0.039465193726233805,0.6570147670685701,0.10226288881043302,-0.016054692215704658
2023-10-13,0.03714856718380233,0.6613668476233857,0.09919680606691567,-0.022460993753829817
2023-10-16,0.05161913720093847,0.6984493865673213,0.10479621576157518,-0.017605400171028962
2023-10-17,0.04860157960423095,0.702349718868075,0.10595071976086362,-0.019233457771597795
2023-10-18,0.01123596803943161,0.5743488845757176,0.09455309513504227,0.02835360597459413
2023-10-19,0.010891399469032281,0.5795068555998095,0.08886127161244906,-0.025286327686155685
2023-10-20,-0.006867466567730962,0.5247250295150131,0.08636466977328809,0.02158348213095329
2023-10-23,0.012978875556913128,0.5783784120145868,0.08648979884782344,-0.02024097382791623
2023-10-24,0.03702150669720039,0.6359190432544652,0.08997751932463836,-0.03043285109164995
2023-10-25,0.015100744052962689,0.5771898302851709,0.08235977072377353,0.02663485306880431
2023-10-26,0.030410745814239304,0.6154374187561676,0.08039455802729874,-0.01675563445943351
2023-10-27,0.031679815048770266,0.6235860931623776,0.08304276788267365,-0.029416936066675725
2023-10-30,0.05427335045406556,0.6689180558289294,0.09680911110545308,-0.03495564600687728
2023-10-31,0.07279686230192906,0.7040966363341498,0.118238093227683,-0.024530458600400373
2023-11-01,0.09715936757706767,0.7440367222632696,0.1479344565366384,-0.040283884460109
2023-11-03,0.14745749503154615,0.8016892419888079,0.19820380965653242,-0.03992629319011831
2023-11-06,0.1477558755769699,0.8108646323539265,0.2362532101081868,-0.04045911749447495
2023-11-07,0.15100732576144882,0.8226472786358492,0.26772744022762274,-0.0340412200633613
2023-11-08,0.16256155460431843,0.8400816828429941,0.29845205044258555,-0.03140583811126885
2023-11-09,0.14747710554728966,0.8332958097022,0.3199171202040956,0.030593873243663694
2023-11-10,0.16106672845921155,0.8513940702671414,0.3460531421455806,-0.02905916765391192
2023-11-13,0.174681528845265,0.8679371677854993,0.37351838741637833,-0.030879575362875666
2023-11-14,0.22601770838983826,0.8980774824673383,0.42066939596752023,-0.05688482811392226
2023-11-16,0.27847170641834773,0.9198945489991749,0.48381355241532786,-0.06130886517740042
2023-11-17,0.23637031987746604,0.8709273651676477,0.5116510777929256,0.0678596480089011
2023-11-20,0.25672919922151816,0.8876699355571975,0.5414796892397356,-0.035847421245776445
2023-11-21,0.2604579603630359,0.8978417351241182,0.5618742108350314,-0.05473924315855816
2023-11-22,0.23214925759145477,0.8929723492947894,0.5702950038002057,0.043503215384137484
2023-11-23,0.1319373517730238,0.7006480441027049,0.5536682725954072,0.05986909531525275
2023-11-24,0.1073115028254541,0.6870850025593837,0.5238577979044515,0.04694589896219248
2023-11-27,0.15545682811953698,0.7421764123179807,0.5040490233588825,-0.051078469316094055
2023-11-28,0.15966989366427842,0.7599388703172246,0.4810203503503857,-0.031790215959149326
2023-11-29,0.12399394975310041,0.7262616670262719,0.45021165645713596,0.037240333552839955
2023-11-30,0.13007850193030968,0.7456813633084286,0.4212965010692028,-0.03485805887393789
2023-12-01,0.10357129345950078,0.7249125312195442,0.38885564751021773,0.030818473727468154
2023-12-04,0.0618523849857171,0.6620316282721467,0.3608850430761216,0.045055402191184646
2023-12-05,0.04896077801522569,0.6587926330547486,0.32928156894005617,0.031524194623898216
2023-12-06,0.03416791667828001,0.6485414208113621,0.29474185273926656,0.029699747363958418
2023-12-07,0.034997073714825744,0.6617665783170145,0.26189196394133724,-0.021446945419595353
2023-12-08,0.05338876853180485,0.6968651311140822,0.22255007416289105,-0.019927533872020398
2023-12-11,0.02659158287512553,0.6530754310833813,0.17849361147673903,0.023725986339855565
2023-12-12,0.028361628034798247,0.6662502000368778,0.13343448201075875,-0.011146461669492735
2023-12-13,0.051357040803684084,0.702723546225304,0.11767647563901829,-0.03758484605686374
2023-12-14,0.02655110139479766,0.6482307121508459,0.11596522337184717,0.02787987761434607
2023-12-15,0.024019034297097175,0.6501782760038088,0.10816567170878479,-0.020991522960473685
2023-12-18,0.02326240949831493,0.6522515575372371,0.10893002559400537,-0.015630443948261408
2023-12-19,0.05345581282428857,0.6967687508692841,0.11960965891580687,-0.019629487062070572
2023-12-20,0.030561518709960156,0.639289969862791,0.12283086530052909,0.022790312826394876
2023-12-21,0.048392825323597455,0.6722855951706144,0.11470083776518723,-0.01526738264463634
2023-12-22,0.04184221120694365,0.6722855951706143,0.09646669522549395,0.0
2023-12-26,0.06616367800767131,0.7102565989498347,0.1119082547452666,-0.02197136225932972
2023-12-27,0.08855832465604063,0.741031570883054,0.13890233551180842,-0.02870921209035604
2023-12-28,0.08231391431161783,0.741031570883054,0.15635958953141735,0.0
2024-01-02,0.09563313031322296,0.761693922635684,0.17941751548138035,-0.028856692936508277
2024-01-03,0.1021581905926201,0.7755349871579231,0.20126987417911602,-0.024551759172324994
2024-01-04,0.07665128604985894,0.7172159170436951,0.20582874626722983,0.03828505223348522
2024-01-05,0.06910992624506762,0.7172159170436951,0.20586366240329934,0.0
2024-01-08,0.04738343799459943,0.667925841937089,0.197238717379341,0.025651953724599386
2024-01-09,0.013130727503649853,0.5818067280173376,0.18495496771457365,0.02073095029651517
2024-01-10,-0.010409574286527667,0.5284419966216246,0.17899521913083516,0.043532941303963346
2024-01-11,-0.03358747988802935,0.48093639971574315,0.17019712349821123,0.03065227550359495
2024-01-12,-0.03992609472775188,0.46957112823451935,0.16495516536078944,0.03914179329564127
2024-01-15,-0.06894053094947883,0.409629202836089,0.174906295981119,0.03060689415841411
2024-01-16,-0.08473855243428297,0.3800952215068348,0.1865469488934876,0.026045654559668563
2024-01-17,-0.09974553950124843,0.3527091017332461,0.20445913377805336,0.019015826966622296
2024-01-18,-0.09720668280446121,0.35270910173324616,0.2207458390345985,0.0
2024-01-19,-0.09584655795709707,0.3482324069047384,0.23921287638530703,0.012436307363333565
2024-01-22,-0.11480041088699577,0.3119843574626223,0.2623931934801696,0.021508630115999905
2024-01-23,-0.09912863087425183,0.34646022944586136,0.27980562191850683,-0.017981834131626018
2024-01-24,-0.07328346359244065,0.4101235839437321,0.2892588759771639,-0.02135007904198316
2024-01-25,-0.07725113432864639,0.3921262945303498,0.2975952022112212,0.01744934383295904
2024-01-26,-0.04895150321611419,0.4513866752078509,0.29485834847612213,-0.014115043030348051
2024-01-29,-0.04140347801404565,0.4549631935340253,0.28934718456665887,-0.017652142700425144
2024-01-30,-0.0248038758753526,0.4804931547346256,0.2740082123620637,-0.023319099344857763
2024-01-31,-0.030786757952375954,0.44819495683372607,0.24927762011507026,0.019983970738862267
2024-02-01,-0.020677801445021404,0.4560697908279822,0.2245658298507653,-0.014403079938231311
2024-02-02,-0.03947843514451066,0.3979645821426936,0.19436456678491318,0.017465782414169295
2024-02-05,-0.05527931339675074,0.35445136501944047,0.16609011142046737,0.02118994286986653
2024-02-06,-0.03800824108882883,0.3843036081788268,0.14164034165428452,-0.02345741847525007
2024-02-07,-0.03060848033684327,0.38865286794385545,0.12059546014370622,-0.04231565228629208
2024-02-08,-0.01868799754264716,0.41105519318489525,0.10375337362860697,-0.018234846346615985
2024-02-09,-0.03150963712420196,0.3754922634922471,0.0874930801251824,0.010487379361903582
2024-02-14,-0.05671727065285126,0.32502161537558716,0.09608780539507018,0.016444469421588837
2024-02-15,-0.034180883834224796,0.3830679389414231,0.09894127097384697,-0.02055696501565063
2024-02-16,-0.0163190950718749,0.42790011807932793,0.09996337320132921,-0.01953612370718716
2024-02-19,-0.04098185979385027,0.3793232616662499,0.10703404858569315,0.011602261634647393
2024-02-20,-0.06029050786186951,0.3442510876119581,0.12120070228533063,0.0381192942243993
2024-02-21,-0.043557706083687475,0.3850712549385322,0.12753267083906256,-0.024510863639903402
2024-02-22,-0.0501642473004098,0.3701814074252734,0.13631561665521016,0.015869705999941308
2024-02-23,-0.05667620545565066,0.35303048629257544,0.14459592785904601,0.01350470772438972
2024-02-26,-0.048572152917713995,0.3665754190965577,0.15079569752464686,-0.022580013851399183
2024-02-27,-0.02767042317081092,0.41494235469152363,0.14619933352166256,-0.015435264103166202
2024-02-28,-0.04724901309472518,0.3706135838755062,0.14420733796358542,0.012646090905018337
2024-02-29,-0.05044970248145553,0.3552855059550522,0.13642647163365706,0.01689170802812834
2024-03-01,-0.05249067115096184,0.34257038610029317,0.13280533866476682,0.013066302691411735
2024-03-04,-0.03744169643535378,0.37163188510615086,0.11938256346551304,-0.0169461730695738
2024-03-05,-0.04534610467174949,0.3494507183144976,0.11837502125136408,0.0174086301475338
2024-03-06,-0.0464020078332712,0.341225959847835,0.12384874356530438,0.021506286412557918
2024-03-07,-0.029904675397775082,0.38293450434768667,0.12080648975239335,-0.04995701546082665
2024-03-08,-0.04140495220799145,0.3528605358632786,0.11888483920699372,0.016753798385954477
2024-03-11,-0.06267727285902247,0.3085040072339571,0.11992757642301852,0.021806067557550213
2024-03-12,-0.04342871702890494,0.3547485092555474,0.11843625236230387,-0.01934199118284119
2024-03-13,-0.04808627472046134,0.34110071533223146,0.12552938193964944,0.021941569955975737
2024-03-14,-0.06705056906787288,0.30339056521163965,0.13405079638043121,0.01631485789575038
2024-03-15,-0.09694545840788582,0.2565550193182593,0.14849903514890317,0.07212385161460522
2024-03-18,-0.06631019496157053,0.32927714241622025,0.15462022385039892,-0.027884553068605378
2024-03-19,-0.04729957852029798,0.369149724711258,0.1586271862822248,-0.024909457541799296
2024-03-20,-0.04890378263646544,0.35893683461785786,0.15813202684897537,0.02160840504120154
2024-03-21,-0.0442297038891043,0.35893683461785786,0.1576240997796661,0.0
2024-03-22,-0.0660418021060536,0.3181086251650932,0.1655284545427766,0.021672558541634857
2024-03-25,-0.07842813190709486,0.29339942622135384,0.1751707070699225,0.021885453141003985
2024-03-26,-0.0909090681414183,0.26886448842520894,0.18129527443253438,0.018106187372177507
2024-03-27,-0.07394494181658762,0.30036738141054237,0.18651770393223222,-0.023427870864062506
2024-03-28,-0.06944070940734182,0.298062418719413,0.19091911322561994,0.039540330746619334
2024-04-01,-0.06183750371346841,0.303815758241927,0.19335121744580624,-0.026416033532782324
2024-04-02,-0.06049818517915728,0.29597764588048514,0.19029553105397895,0.027604341177622338
2024-04-03,-0.06810039372568666,0.2755611145634665,0.19165968746759388,0.021900252904754947
2024-04-04,-0.05818682937432773,0.2887694688393074,0.18932621398104663,-0.021870521658725717
2024-04-05,-0.07188357320830974,0.25833458036416124,0.1829923144216253,0.02671272045813944
2024-04-08,-0.022783364692994912,0.3955486294136648,0.16785581469884364,-0.03212761089138039
2024-04-09,-0.0031209898873038044,0.43757017768748613,0.15934752310601638,-0.040296763403863234
2024-04-10,-0.05703989486422989,0.34332242579148814,0.15236906920632617,0.057654085621077655
2024-04-11,-0.054267983467010894,0.3385628497035412,0.1447257833522249,0.02183336837986527
2024-04-12,-0.050828370106495546,0.3360544728728065,0.14388657262151458,0.023276501613988865
2024-04-15,-0.04931895222268379,0.33339407682925754,0.1506782638463024,0.026237604985167806
2024-04-16,-0.06796476967336496,0.3001314303483022,0.1575298056200995,0.02709803783435971
2024-04-17,-0.01243949134533373,0.42781648644002124,0.14249278824111186,-0.04104642704301109
2024-04-18,0.0007625225017857673,0.44790428825061535,0.12624781202034893,-0.04076564852025377
2024-04-19,0.013578219975971528,0.4680173963929219,0.10570271501259651,-0.026938015076214628
2024-04-22,-0.0028763420311874732,0.433965980180973,0.09584901194127897,0.02573053656325386
2024-04-23,-0.028659348140545937,0.3883263011646006,0.09583243348624236,0.02387399639409482
2024-04-24,-0.026787424527103698,0.3883263011646006,0.0988419344395897,0.0
2024-04-25,-0.04273835072123022,0.35912442313498766,0.10474550647790348,0.019255966909025535
2024-04-26,-0.03394771471006419,0.3743250379130549,0.1072674145088312,-0.012963639800869675
2024-04-29,-0.027142762459815395,0.38480135865376147,0.10687667908066681,-0.02033520437609493
2024-04-30,-0.03562709490711169,0.3650537553766673,0.10934734262457502,0.02374568940910393
2024-05-02,0.00029295925587713434,0.4553558767554694,0.10850067337960326,-0.024560994315664497
2024-05-03,0.012410760311573288,0.48181132541845145,0.10756066128879038,-0.02092786255496859
2024-05-06,-0.00136783601561008,0.4540988206295118,0.10751500502623973,0.019859997787053274
2024-05-07,0.004601957094264808,0.46359170816183953,0.09967630533850379,-0.024427060635380138
2024-05-08,0.005696231048808675,0.45929075824702736,0.08028401876911881,0.02311141338572753
2024-05-09,-0.0019647114815516398,0.44164157911949103,0.0803038417306633,0.024556889284330863
2024-05-10,-0.003831353167623619,0.4371195812818592,0.08037141132427517,0.040132852452176904
2024-05-13,0.07611036041254593,0.6181745776354404,0.1073653104532874,-0.05699565659366046
2024-05-14,0.045649645809634265,0.5555218544150423,0.11497571263409698,0.05890849609492088
2024-05-15,0.038776295316293785,0.5496910569768135,0.11471706018862544,0.03017142288923602
2024-05-16,0.043017364582372375,0.5610270003756863,0.12108160789750007,-0.027574909823412264
2024-05-17,0.05313854986438571,0.5836043027991257,0.1296706775001604,-0.023972558143306122
2024-05-20,0.07635770281216181,0.6282203743509231,0.14592145742073578,-0.027894086701327314
2024-05-21,0.09697533299576677,0.6666823683845697,0.17148434136526675,-0.028049943909434716
2024-05-22,0.07322368730987816,0.6189428417549295,0.18185516260631832,0.023571561407126573
2024-05-23,0.0431849071779522,0.5569086516166409,0.18270914608268649,0.019923134288536648
2024-05-24,0.037939193177362274,0.5569086516166408,0.17715065533572766,0.0
2024-05-27,0.04229320584708107,0.5758702972230375,0.17261727080989941,-0.0074968640777071105
2024-05-28,-0.001660912300737949,0.48248140379977655,0.1632451815360657,0.024085545381377305
2024-05-29,-0.0162303255263353,0.4595507985196987,0.14879075594784577,0.035277985696267944
2024-05-31,-0.041441267935314774,0.41367575812932134,0.1488608273967766,0.02712476913580697
2024-06-03,-0.06124271397633507,0.37918325265910374,0.15735762807525716,0.035952398774667715
2024-06-04,-0.0844468637642346,0.3428042108431722,0.1722354197111218,0.029820461347801475
2024-06-05,-0.0877927385716083,0.3348212271446707,0.18850898696127552,0.03259704423422938
2024-06-06,-0.04247794387028503,0.4420920672211556,0.18997894087118677,-0.02433481641338131
2024-06-07,-0.04803437595128501,0.4322993044004014,0.19131725599029342,0.027527581626631603
2024-06-10,-0.044094723451414186,0.44118593444873655,0.1914454543115028,-0.017269178229661786
2024-06-11,-0.028965584229703634,0.46808788101654214,0.19075293075792438,-0.032494454225275526
2024-06-12,-0.049306048355302834,0.4241128252019151,0.1964489703610493,0.017170916257433833
2024-06-13,-0.016167392405149528,0.49256410695947267,0.19681356002340905,-0.013155451246170902
2024-06-14,-0.03490549223135042,0.4527228630736086,0.19892386486064603,0.010657311387856527
2024-06-17,-0.03513985189482427,0.44566454366954417,0.19915844677558417,0.009310935367190742
2024-06-18,0.005875900156797176,0.5219215159232217,0.18925737151363972,-0.020797137590710335
2024-06-19,0.014304351134495352,0.5292625237418218,0.1667775061717704,-0.017634406672841885
2024-06-20,0.03309930463434885,0.5584673667888492,0.15033087639104753,-0.02457395405160312
2024-06-21,0.042168598207365626,0.5727405053214419,0.14455475826709288,-0.03884880871658125
2024-06-24,0.04131057538342575,0.5677986746028484,0.1378862350629732,0.022670050951787646
2024-06-25,0.02579596612915247,0.5239795763958782,0.12201981977602562,0.01670951279240218
2024-06-26,0.04149865596405844,0.55672660349193,0.12404872502748716,-0.029565805153341174
2024-06-27,0.036634482650105715,0.5466031667796242,0.12708040598669806,0.02465693518386458
2024-06-28,0.042063994848473785,0.5636917563804981,0.13269844637567482,-0.02518075081542781
2024-07-01,0.08749872360010924,0.6547740360214762,0.15290122925092053,-0.03856679221285053
2024-07-02,0.07379898932561257,0.638218852958536,0.15651896638396573,0.033561366530463266
2024-07-03,0.0881949039231038,0.6737526994852121,0.1615624544582647,-0.035889086409882864
2024-07-04,0.06106497702239344,0.6141997196678927,0.16704319451234262,0.016524406790946022
2024-07-05,0.05529103752501774,0.6141997196678926,0.16810592735584456,0.0
2024-07-08,0.022265279316412645,0.538871962396842,0.16222494152584996,0.024283946365818876
2024-07-09,0.017178047170178568,0.5341681588471983,0.15776477730238933,0.013008297076718023
2024-07-10,0.014701685656726138,0.5385064026119735,0.14433711137867847,-0.020116705633901777
2024-07-11,0.022792587236377893,0.5646989704638561,0.14025683645268394,-0.016133664713281926
2024-07-12,0.04361070059450123,0.6190317662778362,0.13189199417906686,-0.016465690236784236
2024-07-15,0.04824982029433933,0.6397832330734554,0.11993421882279351,-0.0146024055916123
2024-07-16,0.02196670463234951,0.5726053831965533,0.11389186624734737,0.019650655580592202
2024-07-17,0.013253110455290873,0.5568628623994094,0.10649506004813991,0.011387935725199805
2024-07-18,-0.021136560466822663,0.47286265324327637,0.10404543061222511,0.01565847744012938
2024-07-19,-0.0374131140153563,0.4373394447517498,0.10737971408601804,0.02345520229589737
2024-07-22,-0.020768610252762887,0.4794529905802964,0.10630723697058012,-0.016233514329060506
2024-07-23,-0.06841066017148967,0.38889625011683016,0.117521944768799,0.03595288853189804
2024-07-24,-0.05390123836142302,0.4206243431038844,0.12560849290565781,-0.018098290428112063
2024-07-25,-0.05274081875108705,0.42062434310388447,0.13233968454992395,0.0
2024-07-26,-0.054820476335556756,0.4135101854837556,0.14092874166218342,0.018044687672958304
2024-07-29,-0.04716712252136146,0.42400162357932475,0.14552618209759463,-0.011213153492326322
2024-07-30,-0.05261156528059474,0.4045196044936511,0.15190208532205543,0.012518165452792607
2024-07-31,-0.020095772500310582,0.4814903963365058,0.1442621427013459,-0.02777779728295937
2024-08-01,-0.046428888825889136,0.4192410640412473,0.14674463571734522,0.027242992499203034
2024-08-02,-0.06050636184063407,0.3856798180335895,0.15260277324606297,0.022514730418287332
2024-08-05,-0.05852666814167318,0.3823830264043165,0.16166729027859778,0.019220851732716593
2024-08-06,-0.05653017309487374,0.3788954784030127,0.16945674621690585,0.013026963124078472
2024-08-07,-0.0561972968543859,0.3715955451297743,0.176095343833749,0.014506832300894335
2024-08-08,-0.05136776512727126,0.37159554512977444,0.17833301192014236,0.0
2024-08-09,-0.0282038101201062,0.4290091166751664,0.16534654594831344,-0.01035655158560489
2024-08-12,-0.018319386350275413,0.4412265285768693,0.14006115073027275,-0.016536494378166733
2024-08-13,0.04528213779573442,0.5882791583244232,0.12616563139544726,-0.05080605962228757
2024-08-14,0.0013016198833968318,0.48242626899627566,0.10483908130151179,0.03947842135580881
2024-08-15,0.02625767742337981,0.5281438806150988,0.09976439011263893,-0.030710509070260628
2024-08-16,0.007223116886815095,0.48935252455991063,0.09698852309004527,0.02127554538229015
2024-08-19,0.056747426981100135,0.5736597354623822,0.10212504704998784,-0.031598253733466475
2024-08-20,0.0514743307638732,0.5696090796684719,0.11253970012072288,0.024306169599817462
2024-08-21,0.08667527770400962,0.6264287954373111,0.13857537801433817,-0.040561914614263284
2024-08-22,0.07068514577735452,0.6008033964535339,0.15325452628670452,0.020995065234537424
2024-08-23,0.09445864655606462,0.6404072106695523,0.1762860087144849,-0.019303786373452314
2024-08-26,0.0924782072648509,0.6454579052008306,0.1955368003010192,-0.0407306044165745
2024-08-27,0.10818979717752542,0.6749571325210307,0.21799267921069457,-0.03141839037217842
2024-08-28,0.0782507313405203,0.6152355242913365,0.22920933394093443,0.041814691960500916
2024-08-29,0.08842223176588582,0.6390470514771652,0.23979416929943598,-0.031467493156256965
2024-08-30,0.08562687533382896,0.6468915258984441,0.24403891955394916,-0.04223811646368014
2024-09-02,0.08246451345950345,0.6549669750975753,0.24488248057962483,-0.02459113194477136
2024-09-03,0.052235375706864096,0.5962303215462669,0.2357948833129317,0.029410377612171246
2024-09-04,0.0711952484602354,0.6397232913517944,0.22727470286861468,-0.031469516016204735
2024-09-05,0.09530831516631766,0.6858794355590797,0.22334426358769835,-0.04473697532061183
2024-09-06,0.1282518882967849,0.7341425557754248,0.23623809719903363,-0.0669513206875133
2024-09-09,0.06939293090266019,0.6228405367846477,0.22448128510461932,0.0632914260247397
2024-09-10,0.06805707863844423,0.6295606083200547,0.2269645633366787,-0.04262614333795578
2024-09-11,0.08776930010679118,0.6658902298331969,0.22016029007568366,-0.05407737307637428
2024-09-12,0.1116004119359928,0.7028161927589531,0.2273869144672394,-0.07476012286350608
2024-09-13,0.15327832081887016,0.7515989034488892,0.24405132300134177,-0.07230454697620103
2024-09-16,0.2138826445359352,0.800707702774855,0.30348729004856995,-0.05617371242838276
2024-09-17,0.1633788605680766,0.732867442771765,0.3232557524953576,0.08244622972512228
2024-09-18,0.05950281558869719,0.5816212196295905,0.3171869253182545,0.06055101779033478
2024-09-19,0.06390039744133458,0.5942770224060531,0.30738916392593796,-0.05934622565102443
2024-09-20,0.04542836562766861,0.5778071082626539,0.2994204129699403,0.04235316743348427
2024-09-23,0.03727974186437155,0.5753537631863523,0.2897429644593442,0.03956447129140517
2024-09-24,0.07198061278931123,0.6204715959111508,0.288666067908972,-0.052810116890009695
2024-09-25,0.08748191675837202,0.6454371924754497,0.28386746285200104,-0.05176825917261674
2024-09-26,0.14567583220434366,0.7043436718999816,0.3007549999476931,-0.09216377031816303
2024-09-27,0.08887483982593758,0.6315267425684693,0.29608647430717494,0.048457097202751154
2024-09-30,0.07719930346362047,0.6291115854534948,0.2873851065190865,0.039747465447318664
2024-10-01,0.0984263474418201,0.6599257363363823,0.2742430928103739,-0.05645361184383668
2024-10-02,0.11856150678737798,0.6878545173982193,0.2729709125741219,-0.05422746647142618
2024-10-03,0.0867104079092249,0.6512035591527876,0.2677513197449119,0.05785620627028831
2024-10-04,0.03106352792948286,0.5729384518413305,0.26046547885755444,0.04829544303407651
2024-10-07,0.014513796185137373,0.5588353228619559,0.23673123223342038,0.033917861020608786
2024-10-08,-0.027087038594226676,0.5072862811517006,0.21157614844044795,0.04262291895028203
2024-10-09,-0.05317811870020983,0.47642064505809806,0.19870202511631127,0.03265238652898561
2024-10-10,-0.05679635206182754,0.4722944953236311,0.19636570817359852,0.01921890327005049
2024-10-11,-0.045712542810326884,0.48665845656635065,0.2007122882885033,-0.01907385818155305
2024-10-14,-0.034825303600865,0.49649825791642804,0.19800957633115523,-0.018453526862726832
2024-10-15,-0.036395581287788525,0.4889287169138108,0.19984464832461402,0.015360097149695218
2024-10-16,-0.04338129157067183,0.4784547221959257,0.19756093192757512,0.03334513535854233
2024-10-17,-0.038694097618215295,0.4873252798467598,0.1969216133694328,-0.029723294831801694
2024-10-18,-0.04090472398176426,0.4843678627420662,0.19431452234556307,0.023784953875638504
2024-10-21,-0.03080223186254638,0.5069249487079204,0.18935373381055726,-0.020508259082784308
2024-10-22,-0.03629437475052866,0.49363596860303516,0.19192048535598719,0.01732638692720667
2024-10-23,-0.05114859766147617,0.4580727668713959,0.198312892336128,0.015397976100514965
2024-10-24,-0.046524786749771896,0.45486460710512266,0.19044451433867632,0.015851312660616124
2024-10-25,-0.0251439174081598,0.4966282078672679,0.18851566693883426,-0.022879788133227996
2024-10-28,-0.004587445760570019,0.5349937304782519,0.1844721937993026,-0.0194548004541808
2024-10-29,-0.008207485484877819,0.5157515632388544,0.16943136547890858,0.025084633576259785
2024-10-30,0.007571599349346592,0.5372600430504862,0.12857237472341715,-0.01985199952648453
2024-10-31,0.03456896700024825,0.5837207283256585,0.09028674589091504,-0.026410940704909347
2024-11-01,0.030944970367366542,0.5705018928690986,0.07881901885616265,0.039320528634361196
2024-11-04,0.050788196329430324,0.6086755799193942,0.08054073329829452,-0.03110741277256035
2024-11-05,0.03439664010824517,0.5679071249471384,0.08628579927493332,0.015256529338187219
2024-11-06,0.025427934180535905,0.5502664404464284,0.08787908232171013,0.03918954182576817
2024-11-07,0.026108549123621927,0.5576648548386511,0.08848817387044255,-0.03312332296052589
2024-11-08,-0.02952882743594465,0.4285857361498718,0.09168447916639436,0.04482325983040103
2024-11-11,-0.0411299471707256,0.40484129471472985,0.09939087665642442,0.030426465025375826
2024-11-12,-0.07461443267280088,0.34777913581282294,0.12152066781161215,0.03227558093846894
2024-11-13,-0.12299827523923146,0.2848809843723139,0.16779653376210224,0.04723753392653829
2024-11-14,-0.10968715840584764,0.30600139145392063,0.19778981539940074,-0.027907324994819294
2024-11-18,-0.10478123741990775,0.3060013914539207,0.22200293476819805,0.0
2024-11-19,-0.10743242497183159,0.2958671764904408,0.2447394042417585,0.020803596689691783
2024-11-21,-0.12154027640247511,0.27253881271990904,0.27130342893094717,0.01837861891814252
2024-11-22,-0.10269711714032737,0.31151296539765005,0.28942678338183975,-0.01605024953539369
2024-11-25,-0.09264739651603104,0.32609367324874616,0.30364082093214956,-0.014851408832342927
2024-11-26,-0.095204848241501,0.3141520823636237,0.31692507110452306,0.02017813744714192
2024-11-27,-0.08305419802292302,0.3300056989391209,0.3237056063419869,-0.04258452171835381
2024-11-28,-0.08832420424679932,0.3118897548580178,0.33185589724268283,0.025699848324218344
2024-11-29,-0.05503349638768873,0.38926030962594355,0.3298538474479303,-0.025321147654929765
2024-12-02,-0.05226099656401606,0.3800562330056075,0.31925607995303606,0.022401610425855534
2024-12-03,-0.05638041176276554,0.35874129805316884,0.30747343686698075,0.021575887719416764
2024-12-04,-0.04139827389044337,0.37492153887927077,0.27973508939984176,-0.01926751005052929
2024-12-05,-0.016606318613748505,0.4220354239507088,0.2479789364845193,-0.01664377637210146
2024-12-06,-0.019277654501621333,0.40036960418205253,0.20971999356209767,0.01478015630392382
2024-12-09,0.052136320189206664,0.5465915918381576,0.15608231130385256,-0.03696862017846647
2024-12-10,0.07792329690612831,0.5868870270533556,0.14396574411455762,-0.025654977232135168
2024-12-11,0.07843137350192264,0.5868870270533556,0.13938913791527488,0.0
2024-12-12,0.055309527252114465,0.5359001486393273,0.14218905918131505,0.02666882587762931
2024-12-13,0.03561697594906055,0.5007618693070374,0.1450955015370825,0.017465623951568032
2024-12-16,0.05115237221829694,0.5370817245550107,0.1522861777817502,-0.02152624301957362
2024-12-17,0.07442647556642168,0.5857629240374248,0.16671496274258277,-0.030221887464351616
2024-12-18,-0.0031674529799237128,0.44730017119966464,0.16496227952987738,0.040109123890494924
2024-12-19,-0.02307402270548342,0.4211514453365252,0.15995741637497482,0.029500714938410555
2024-12-20,-0.03778158606759985,0.40095720510139365,0.16069125428908795,0.02505353695033441
2024-12-23,-0.037333667246703506,0.40095720510139365,0.16236311856130395,0.0
2024-12-26,-0.03556139560536142,0.4050926622547765,0.16199563860662775,-0.017244393674584746
2024-12-27,-0.06555997464118979,0.3596402407850988,0.17100854399541163,0.025841911593460276
2024-12-30,-0.039627023940549067,0.41759540973492504,0.17021447535802894,-0.01974872344844536
