Price,Ticker,Open,Open,Open,Open,Open,High,High,High,High,High,Low,Low,Low,Low,Low,Close,Close,Close,Close,Close,Volume,Volume,Volume,Volume,Volume
,,mean,median,max,min,std,mean,median,max,min,std,mean,median,max,min,std,mean,median,max,min,std,mean,median,max,min,std
0,ABEV3.SA,6.971682025989394,7.191354413454166,17.496807831477234,0.24880877137184143,5.296111653267722,7.700620817162941,7.758176694044819,17.85299278462143,0.28974637389183044,5.765546162599246,6.363193830831014,6.6988856491900775,15.337874564675392,0.2235998511314392,4.817606198239774,7.074625501334667,7.2735066413879395,17.496803283691406,0.28974637389183044,5.2638929369707474,587016182.17,100665322.5,2247751700.0,322355.0,692140101.4114177
1,ALPA4.SA,11.893840179867249,7.5378351279640805,51.13629932740336,0.9321329593658448,11.659166765151104,13.852063813652027,8.396761436418942,60.58402873092515,1.1351901173961043,13.453379085411328,9.937082252730523,6.717563450556237,47.96762435612404,0.6461281964557956,9.60993077247747,11.92634775358088,7.552202939987183,51.320980072021484,0.9321329593658447,11.55385268713429,95395458.8235294,48488918.0,546608600.0,9297532.0,103807582.58072272
2,AMER3.SA,2812.090574914338,2247.9714888268895,10512.35376123168,4.690000057220459,2169.997155618525,3478.3998118252885,2946.2321093756514,12427.489122577035,18.139999389648438,2605.946518916592,2213.3556622837286,1771.1019565930155,8610.686270390559,3.069999933242798,1758.5819722028668,2776.184931105375,2254.332275390625,10401.5849609375,4.650000095367432,2177.013325544273,10007687.975,598155.0,337854800.0,112534.0,46800218.401377775
3,ASAI3.SA,14.240448125718455,14.06899803445392,18.585145038347353,7.385839615838077,2.9557021239048917,15.974740247764087,15.657613399487698,20.893615932432684,7.906384428899704,3.396641538968627,11.836327947614059,12.178155645583576,16.206574858285787,4.959905751307514,2.9701432295520567,13.698073238134384,14.071123123168945,19.04488182067871,5.529558181762695,3.682191932898353,829507962.5,705785400.0,1683082300.0,285619500.0,395357983.7171536
4,AZUL4.SA,26.160645069614535,24.049999237060547,58.779998779296875,6.25,13.201991330029383,32.04677404895906,29.920000076293945,62.869998931884766,6.809999942779541,14.727250934709366,19.910967842225105,20.190000534057617,46.709999084472656,3.240000009536743,11.417889992727087,25.45483862969183,23.920000076293945,58.279998779296875,3.5399999618530273,13.651908337701267,558249477.4193548,506509100.0,1818285100.0,35880000.0,455165693.8944621
5,B3SA3.SA,7.543821624091639,6.7598800266675445,18.95529251341351,1.7147822414296898,4.735153519881254,8.71679771572771,7.600727713041411,21.135993304099603,2.128231428790328,5.320670666989878,6.367599001709165,5.772382253599645,16.221039407803616,1.45769283590785,3.9604157692330184,7.409067672231923,6.792984485626221,19.178953170776367,1.7325210571289062,4.557373415843631,2027185332.4202898,2146899900.0,4738346550.0,218195800.0,828565177.4149175
6,BBAS3.SA,6.768712274919634,5.145158004013767,25.325617647552072,0.32356536388397217,6.133708893760091,7.861427135518039,5.663940930437775,27.19432165624506,0.3517483286702458,6.802725751610024,5.996286074162399,4.321393723863897,23.891434607658603,0.2877943080670993,5.643283967701459,6.97813134521246,5.193379163742065,25.400379180908203,0.32356536388397217,6.295245824389535,990733871.02,809383100.0,7594103808.0,30420000.0,1061493012.534064
7,BBDC3.SA,6.338689826552614,4.823859713656364,17.89388347008633,0.5752874036527095,4.605412527179025,7.1989009912734465,5.259956439429036,18.60638689805353,0.8270445775201777,5.144663761566248,5.587260398044743,4.358361791659508,14.576338885651094,0.538848969870764,3.959376937538519,6.418247041106224,4.868634223937988,17.753192901611328,0.5708705186843872,4.567869029101889,261489073.62,203190731.5,1367055411.0,12941819.0,216614747.2457744
8,BBDC4.SA,9.972332472348187,9.384779431077497,19.248517343631605,4.846076264918315,4.048312295652761,11.289644303424284,10.886201643455184,20.051202805255475,5.386242866516113,4.456316836252953,8.713816461152929,8.512177169541289,16.162609556694598,4.448592624115879,3.386155470813223,9.943719225771288,9.453236103057861,19.05882453918457,4.90986442565918,4.003993895124254,1631303897.735294,1285036155.5,5056400305.0,0.0,1056054683.1780068
9,BBSE3.SA,16.584831341014187,14.719098937778263,31.71095294007743,6.653967800006462,5.821369779285599,18.640390029840734,16.28309901856239,33.59776987883304,7.419468903875753,6.215418248179203,15.280554510083212,13.434421172883749,29.601635685993323,6.273181202843465,5.679405486337796,17.11262146970059,15.118163108825684,32.20045852661133,6.909134864807129,6.031990066673575,303066801.7446808,293560800.0,553877882.0,175584900.0,75030413.76956104
10,BEEF3.SA,7.560341732993279,7.8599275417962895,14.26800177199197,1.2781753540039062,2.7992829715607237,8.785817523220942,8.937630735558187,15.581203120765899,1.7463435144686663,3.0511903678637715,6.308294853281535,6.634205825829101,11.578436208498772,1.129550201079113,2.2985638812025275,7.416407857622419,7.734887599945068,13.636348724365234,1.2781753540039062,2.686688671085766,200671355.92857143,66146154.5,759020300.0,8659730.0,234238577.21424216
11,BPAN4.SA,5.15865653616592,4.795796349926842,21.218077947965533,1.052802913781761,3.5644770622645763,6.6411812378255135,5.8207668872566645,23.819907876058107,1.2714619818924855,4.882729139394243,4.1308611202474745,3.6477369583377177,13.701873511477961,0.9556211580983326,2.620952486869075,5.126230027364648,4.799324989318848,21.200454711914062,1.0447044372558594,3.5379667716121026,100438558.75362319,30293400.0,493379100.0,4672400.0,127555082.80024385
12,BRAP4.SA,4.792284611177405,2.371147540494854,22.20215094955129,0.20133377594209093,6.03715666935294,5.546116441376922,2.9845476958811332,24.58432982471004,0.25166723515701217,6.815141553966481,4.175551225734095,2.1955907587142054,18.9270996326155,0.19218212198272522,5.259511818057155,4.918738155514002,2.4477752447128296,22.181127548217773,0.20133371651172638,6.082830879315926,17184804011.62,249649399.0,407216000000.0,15862086.0,58243005208.10234
13,BRFS3.SA,41.73599843940855,19.483224234630427,729.2626953125,1.746673345565796,118.14936038712085,45.81700096631394,22.16746749306288,823.3590976022434,2.015392541885376,124.6929859833009,30.829727863883083,16.206813129167024,646.930908203125,1.6123136281967163,88.72795955607634,34.665753829479215,19.57793617248535,701.032958984375,1.746673345565796,95.59665556414686,276739532.36,150810501.0,1500128900.0,0.0,332743895.4366639
14,BRKM5.SA,27583.755505292695,16.229685028179986,1116267.2105172414,2.704821428179424,137529.41516037175,43573.9189907166,19.258909761475397,1257547.2354559698,3.5280283648081765,193259.65652825628,14544.800384682334,12.194173154503616,569777.5948893229,0.06824911385774612,75242.4156257515,27351.427212045193,15.096443176269531,1102294.5,2.6936213970184326,136191.7466482131,119611754.76,94155300.0,940148300.0,42088.0,132181502.15241991
15,BRPR3.SA,545.4079600076211,472.2095117071794,1990.0964080026688,131.1699981689453,258.47381496549923,641.6206457785623,526.653255512037,2613.089455547351,131.1699981689453,371.2151639021876,446.58650607161326,419.23301245925774,889.1581512571795,125.0,156.292530310255,538.8266156730006,468.2989501953125,1963.9873046875,131.1699981689453,260.9775655885863,102100.67796610169,77938.0,529008.0,0.0,87061.11587278901
16,CASH3.SA,21.466540800796142,11.433658599853516,81.64552307128906,4.001780033111572,21.50888044867683,30.783729045585808,13.503544807434082,126.24665069580078,4.001780033111572,34.21955002410296,14.612466280176037,9.955167770385742,50.43294906616211,2.493720054626465,13.375829900333871,20.450290707980884,10.645130157470703,80.97199249267578,2.7105650901794434,21.787402321006248,168296368.47058824,148120474.0,315368488.0,13467015.0,77621639.7762112
17,CGAS5.SA,30.982547295334182,12.143844245729316,119.43815584525534,0.9411248552972077,38.75846331737829,35.32352564312669,13.338050842285156,163.2434832642382,1.0555361171698343,43.92511744849655,28.37898084199792,11.080989207670049,113.10566680734081,0.7606502881455867,35.541127633556194,32.178630104190425,12.066140174865723,119.99466705322266,0.9300527572631836,39.620336485421014,2178367.747368421,1161321.0,10618100.0,18047.0,2498148.5293246037
18,CMIG3.SA,3.232770096506707,2.2321040585869563,13.194649589362825,0.3984489868686439,2.8881323366829657,3.759111755104699,2.7973002474429576,14.490552185120734,0.4903988848183031,3.293019120551157,2.85571105128791,2.0094862602117205,12.66903780155579,0.3269325376425704,2.6541552139798568,3.355112181007862,2.2425780296325684,13.4374418258667,0.3984490633010864,3.0422825573829866,38812468.53,14151041.0,266438002.0,4787.0,64514629.71691261
19,CMIG4.SA,701.483924745592,2.8670286920534656,5956.320888522825,1.179367630825102,1373.3009933265523,818.9511164405698,3.4659900699469883,6838.673828125,1.417287766568458,1588.4108487509832,563.8980687047064,2.249132557906439,5489.653951662293,0.8223484662475149,1140.2747757692975,676.336116091013,2.845948338508606,5923.3330078125,1.1976301670074463,1358.2197833515302,570068143.07,467267122.0,2153008115.0,111454.0,446729209.14441997
20,CMIN3.SA,4.0973583507875615,3.882359153027938,6.428969834172472,2.135709980917909,1.1977030614833355,4.773096307455723,4.575217554847356,6.635026679262315,2.572992121663567,1.3046159048513768,3.4000212490365715,3.200289594030372,4.897703190058858,2.002624621059703,0.8973008601162645,4.058849528431892,3.8563605546951294,6.388296604156494,2.0976855754852295,1.1752229784860104,532962081.25,543404700.0,782814500.0,171142800.0,131531036.96376364
21,COGN3.SA,7.253582025521171,6.518901736890058,18.528100776698572,1.2559807060879795,4.63729689915701,8.607193277723512,9.006988087653037,19.868042894649097,1.5091240817613767,5.207584282406483,6.011365932258816,5.515419097053867,15.306546871580515,0.9541558566810867,3.9742412196766876,7.196116717962118,6.502213478088379,18.528100967407227,1.0612550973892212,4.650321971286476,1320270296.9423077,822249850.0,5179939800.0,7818.0,1092861062.4300635
22,CPFE3.SA,12.002322860687448,11.368498494494446,38.5099983215332,0.11052074283361435,10.012774323705058,13.335870177765862,12.523795080178253,39.0,0.1547289490699768,10.897755482649336,11.001011480745149,10.015103758052863,33.290000915527344,0.11052074283361435,9.263666587609968,12.315767448171973,11.479732036590576,38.5099983215332,0.12458666414022446,10.116797491042012,83371008.71,63249346.0,900492593.0,0.0,112111582.45082828
23,CPLE6.SA,2.193278788721507,1.4234510214667582,9.942851933991864,0.2453300869944849,2.3335383052171967,2.4891138614736508,1.648786049279076,10.614868205530923,0.34819972163042723,2.5786867314732804,1.9729721840985315,1.2356827690101455,9.146269814161592,0.23890065679351713,2.1703072721871166,2.274593212157488,1.4266152381896973,9.922027587890625,0.24600674211978912,2.4217213133552304,494939315.39,439999011.0,1248300900.0,57568399.0,248588015.954246
24,CSAN3.SA,8.444925678042686,6.633352874349777,21.86387415358309,1.4038379374811314,5.601472627787948,9.775852374611906,7.482921144198715,24.758033503446374,1.928815007209778,6.294353196565568,7.329216641292004,5.795347587651749,19.361703204896468,1.1698645519219457,4.898607374337374,8.498327286212476,6.695751190185547,21.74435043334961,1.4096876382827759,5.534703021615799,833990646.2857143,367867057.0,19866818930.0,207555200.0,2689112442.69718
25,CSNA3.SA,7.105539689091667,5.507857073237078,28.88843326432021,0.6088662433457401,5.4171784196661825,8.806820652585264,7.434074082672911,35.23616965674945,0.8667777639225981,6.404449467628412,5.833424101568564,4.715901650996792,23.5057941183291,0.5484695463892321,4.416275607081018,7.147146211862564,5.513118267059326,28.7576847076416,0.5876460671424866,5.351247351087954,755521250.39,524110100.0,10132853736.0,69715237.0,1349250769.6944113
26,CVCB3.SA,18.225237325079448,13.92745304107666,49.924871086579934,1.8700000047683716,13.981367210413937,21.376198490563407,18.288777893538075,53.302694456156594,2.5399999618530273,15.352671943648112,14.540486696200063,10.146324157714844,41.708765780158735,1.3300000429153442,11.793449567992752,17.999104436238607,14.128918647766113,49.91671371459961,1.3799999952316284,14.111452750056735,453048908.0222222,114561355.0,1737496710.0,13620645.0,523452604.07050323
27,CYRE3.SA,8.718569121191278,8.64577669982853,24.07460043843802,0.2825278043746948,6.352202508767551,10.43211695594997,9.880943931379614,26.44075614420887,0.31925639510154724,7.37169155160118,7.356925509683526,7.125280838779896,19.8274925540247,0.27546456456184387,5.316790167490752,8.850368628799915,8.732008457183838,24.066436767578125,0.2825278043746948,6.303799152045652,240852581.35,185346996.5,3332785176.0,80000.0,372421783.51013196
28,DASA3.SA,19.471516799091766,12.436343120173145,142.17444093980203,2.7300000190734863,20.623221812741225,24.514054268325715,13.971469978318876,239.8147070803235,3.130000114440918,32.834539528826824,15.96092289403281,10.394552612057378,68.86145178309944,1.6799999475479126,14.061501377197741,19.443039374586977,12.369999885559082,142.1744384765625,1.899999976158142,20.67983571256657,66002651.58024691,36603765.0,1249883004.0,5700.0,161405722.38850266
29,DXCO3.SA,6.388396711490124,5.773960820739526,16.868876780628238,1.323548436164856,2.9006110028329215,7.427521037424536,6.679310982679581,17.12096641101987,1.543557942891605,3.2706559293160633,5.437091375399188,5.131441139935593,13.087559516039656,0.9859763720283439,2.4470318470752024,6.404722712721143,5.753106594085693,16.66580581665039,1.3095799684524536,2.8686242312780568,154636694.6,146832012.5,388269500.0,9348227.0,79890515.27527997
30,ECOR3.SA,8.167268090696764,8.175127223892192,15.016465246506069,3.8444673855896396,2.32892288444205,9.326353751176947,8.945898963750853,17.439060816705176,4.911504063699034,2.548289602774925,7.002954191474218,6.9931418638607985,11.958733610398514,2.5812858027523147,2.0430591509376312,8.139769974401442,8.200193405151367,14.789630889892578,3.9935388565063477,2.3594805640368985,193558137.45762712,200243034.0,434382000.0,46628862.0,99197430.6881991
31,EGIE3.SA,14.946357529102166,12.628792932016532,40.90765189232687,0.988304078578949,11.898039095041788,16.584112346086833,13.917043607097053,43.88086255536151,1.1407854891859113,12.917502129728705,13.872755635684504,11.616863876801878,40.0928294537416,0.8047618981884795,11.095970526018437,15.300591653455859,12.652637004852295,41.00950241088867,0.988304078578949,11.96815158823842,63148454.75,57863937.5,300981754.0,3397.0,45946909.795873046
32,ELET3.SA,14.760105434483947,11.356788739182509,41.483061994781394,2.7669350606608383,10.593767657802804,17.370875134236247,13.282286918720335,47.335781791229486,3.855665163851091,11.843820679346228,12.490573692196905,9.369241634598636,37.26260930861964,2.586482679485427,9.382165586089608,14.97219997882843,11.350953102111816,41.66342544555664,2.784980297088623,10.70526485386168,166620702.0,88953457.0,945806100.0,37494.0,203170255.15944335
33,ELET6.SA,16.944326088780517,11.294173601330066,41.06768362519781,4.277763913611099,11.6495482721311,19.773558984727856,13.22618815365023,47.14525902877484,5.386120519750071,12.979859337317784,14.75741972600421,9.996204426403306,39.26692924615194,3.1769481240927746,10.455245535387553,17.342735248453476,11.448237895965576,41.06768798828125,4.234176158905029,11.803474813234205,113570453.0,107802250.0,324886200.0,0.0,61410827.97770703
34,ELPL4.SA,-31556.886827380564,13.973608619832984,16978.688918429358,-426550.1347477064,106383.6911792524,-21622.991866398213,17.555264105553395,17377.38460066089,-376139.66957104555,87018.06651418832,-34439.166892880094,10.489999771118164,31.77086012443501,-422672.40625,114305.31967366525,-23697.634307455508,14.554374694824219,16641.6328125,-422672.40625,93717.1073590661,45753513.63829787,43027400.0,149954400.0,0.0,39107345.420095846
35,EMAE4.SA,13.841614410699444,5.108843994833313,77.52082708370682,2.0590307297241486,19.298427899615398,16.907036059408984,6.1494849137668,87.98612516843313,2.4533135981234167,23.270583470321093,11.21227254285378,4.111660549740218,66.07768221503856,1.8462432594724596,14.91440793060059,14.176597213745117,5.108844041824341,77.52082061767578,2.1216156482696533,19.297821385074254,771286.0,355900.0,5571500.0,13000.0,1115197.632660814
36,EMBR3.SA,15.477634933094903,14.449032890182544,48.50009684326227,5.016541004180908,6.827913226602908,18.004508400556002,16.98286430330208,58.75954432318868,7.261758508721913,8.187751306995981,13.367458771836962,12.451062994894997,45.12357178470715,4.794053327602273,6.357947683630705,15.950092015266419,14.893879413604736,56.13224411010742,5.483368396759033,7.868498306187656,207237548.41,123333450.0,1111792300.0,8824900.0,241742240.77976537
37,ENEV3.SA,48.30214860654149,14.279999732971191,183.31976238701748,2.8519389629364014,59.260964865930724,55.25574896548199,15.880000114440918,199.13343811035156,3.450000047683716,65.86060626722728,38.956372482135684,11.920000076293945,170.03571130761344,2.125,49.7585527460007,45.70285922893579,14.149999618530273,182.2570343017578,2.8519389629364014,57.00116525479722,170409679.2173913,12374914.0,733433200.0,1630823.0,223909990.28540888
38,EQTL3.SA,10.98010176648799,8.226424662484252,33.10257941756198,1.1173042462882918,9.638434505924181,12.262680829937556,9.138655610012286,34.007019581915515,1.3345589330426846,10.541671170557027,9.96397385502134,7.871668073221085,29.655164250554947,0.9035620890041696,8.856167574136881,11.242139343005508,8.226425170898438,33.102577209472656,1.1084541082382202,9.799602835055522,318811807.7910448,352671220.0,704055456.0,41153965.0,182499661.30345646
39,EVEN3.SA,4.944110230589436,4.863171217297803,11.126127113811807,1.3886116325481879,2.1045050565650696,5.899437773934008,5.368889072963169,13.9617751426641,1.955392082176053,2.4606330798088614,4.057277625194787,3.6794544124010384,7.940986137839909,1.0995536561932113,1.6286539746676145,4.92640508900226,4.793626308441162,11.227144241333008,1.4112828969955444,2.107839838542006,82239093.77464789,71289100.0,184670100.0,13113900.0,45761168.400478505
40,EZTC3.SA,12.020095965265089,10.520721479873124,42.94849633563789,0.8705462970833767,8.741719765477809,14.186833380808698,12.29798791352577,50.57548378588424,0.9553880595774374,10.490831503153547,10.093074253565936,10.240671250780283,28.719218189589167,0.6160220779467495,6.748067154748796,12.078329868719612,10.742255210876465,43.0729866027832,0.8668579459190369,8.656462463741683,67695162.0,39636960.0,190819600.0,13736196.0,54094649.3186676
41,FIBR3.SA,26.473170639155846,23.701534271240234,70.56598244800462,11.735288579200883,11.325684953092773,28.84912829408792,23.701534271240234,76.2966090099468,13.264181144339545,13.282031963364947,24.807737363765696,23.701534271240234,66.93000030517578,10.198131588990872,10.890770108209878,27.029903461406757,23.701534271240234,70.37029266357422,11.462568283081055,12.263124005665848,54232665.571428575,18817100.0,187287367.0,0.0,55256844.7290843
42,FLRY3.SA,11.226029150304072,12.097522867283635,22.57241390202197,4.095246315002441,5.667688218949716,12.570139148295084,13.563410753655447,24.840584732960394,4.883118696675222,6.315306197853819,9.999088507284366,11.285910743793723,19.071552889427448,3.9051102634805206,4.961310533901916,11.313251456276316,12.064287185668945,22.165834426879883,4.139123916625977,5.557187788979023,95156176.13114753,90664360.0,235645885.0,14835756.0,63311333.57442646
43,GEPA4.SA,12.531161987876358,14.33836317062378,25.31089519237935,1.719728469848633,7.636053716059762,13.775560331170125,15.770166242626352,29.82765769958496,1.9473403692245481,8.290427826115822,11.518565682863317,13.027324907178173,24.117791416549384,1.621097207069397,7.091958137363235,12.799914945363998,14.892023086547852,26.153804779052734,1.7703086137771606,7.742838551783257,81221.96,43005.0,2147300.0,0.0,216869.1952778983
44,GFSA3.SA,3249.391804104047,2013.1476052926766,12031.629629987425,0.05062031000852585,3689.2792547968534,4031.8524834391137,2598.739765136018,15368.611963043832,0.05062031000852585,4392.793247194606,2591.2458491537527,1641.8357065125529,10041.761954881275,0.05062031000852585,3053.878888310947,3231.5318449253955,2006.10498046875,12031.62890625,0.05062031000852585,3656.7054676430507,2050442.4186046512,322717.5,22753318.0,0.0,4401047.646409668
45,GGBR4.SA,120.96318737860703,8.546488979128805,1332.4857177734375,1.2709340423614948,305.2651807391583,151.97662658811672,9.80821696251807,1409.507886800986,1.8279267985486678,372.15899283895203,95.70738656173535,7.250042860172439,1124.56659241628,1.0398552611356657,253.1934247620402,119.0241186451912,8.489850521087646,1332.4857177734375,1.2682384252548218,305.12925757471476,617602459.91,488878110.0,3926523114.0,0.0,573381980.9184706
46,GOAU4.SA,9.42139040224126,7.681083477486782,127.44200134277344,0.23209525406725198,16.96267998783298,10.872802234720432,9.091820828892526,139.1608384076287,0.2933684599270262,18.369100263906024,7.0291216669610295,6.572377017475715,111.32858471492368,0.21610467436376946,11.316325619553382,8.228448528498411,7.692576169967651,117.18804168701172,0.23488028347492218,12.06938398605967,345581148.88,74254950.0,1869872700.0,19562.0,413129289.14080685
47,HAPV3.SA,122.22580821290339,92.21741247695367,230.12728462208045,39.14999771118164,61.51091157412206,143.71891790647925,127.19999694824219,276.46010269427967,63.14999771118164,67.51878346497284,98.90851832966266,79.94999694824219,211.27056252159957,28.94999885559082,57.00184833778783,120.1051156785753,91.95215606689453,230.5721893310547,33.45000076293945,63.119958585101394,152906163.74074075,72196346.0,435172174.0,22918117.0,135590892.01375097
48,HYPE3.SA,19.36490733839938,18.679806173706158,41.89738082885742,4.511401674970351,9.507001163838416,22.006233176414106,20.98161468883456,45.35822194455538,5.021144198409811,10.232741779478049,17.042644090408945,15.807518005371094,35.98661081021889,3.155553218982551,8.407270114983973,19.532436157340435,18.737171173095703,41.42915725708008,4.497530937194824,9.339288815800165,177447771.41791046,176784700.0,436648600.0,9268000.0,82840942.07964969
49,INEP4.SA,9.822954264879227,6.199927568435669,53.5,0.5625,10.552516980212003,11.98441555738449,7.91069221496582,53.5,0.7850000262260437,11.784747585591125,7.557669987976551,4.200000047683716,33.5,0.41999998688697815,8.170036564087267,9.259168741106986,5.610662460327148,36.749969482421875,0.5600000023841858,9.593083584466493,3614795.44,2820750.0,19027900.0,23580.0,3976866.8197205532
50,IRBR3.SA,248.0755501844433,170.13475036621094,893.5279943307768,22.299999237060547,262.79344014567226,291.1058388848522,186.1898956298828,1033.055842754834,35.400001525878906,300.1564666117824,197.43460702197734,136.5309600830078,788.0831509867483,18.270000457763672,219.60372250231413,243.00780715942383,148.10559844970703,892.3823852539062,22.239999771118164,263.94157065828057,68959227.06666666,59270911.0,179235100.0,5251107.0,55173526.71507529
51,ITSA4.SA,2.9461481856428535,2.177561232166018,9.523675699100796,0.24206073459194646,2.413214683758291,3.3134719392510976,2.339115034421449,9.670588716045458,0.29475436928579,2.640516634794737,2.655353028565914,1.9555994562712717,8.225041290123118,0.22230092597537598,2.1802172633964885,3.0171293878555296,2.197065591812134,9.506500244140625,0.23712098598480225,2.44767412839287,1329164582.09,1336096447.0,3509970635.0,350199106.0,688865045.8931979
52,ITUB4.SA,10.276099670819281,7.697071366216134,30.383815057229853,0.866023060518542,7.8132826762904095,11.60540353416032,8.070357322692871,31.4143189627642,1.195581066909843,8.58936823945375,9.217816973161593,6.904784550322739,26.715711427010028,0.7737523312511928,7.013792934204395,10.517225446774788,7.719529628753662,30.243328094482422,0.8351485133171082,7.895523548521272,2932497001.670103,1514041590.0,15827617552.0,230787.0,3260575857.2527013
53,JHSF3.SA,2.9037055666425933,2.759549415886398,5.890490515309777,0.721766961270924,1.5745941185172052,3.483210438258348,3.4210492567084834,7.377955827169139,0.8464356625540529,1.7972995776836131,2.362007637050663,2.2175721151935415,4.8110019342198385,0.598097696001596,1.3147395117296368,2.8849069887483623,2.759549856185913,5.735478401184082,0.7086436748504639,1.5607782177538683,121248864.32394366,43600200.0,840613000.0,4313900.0,160458627.53888032
54,KLBN4.SA,1.8754038128567787,1.7769988795309386,4.1604087164347625,0.26807809121451814,1.1345913976353017,2.1582656879097444,2.1412865674456762,4.565279866691915,0.3339046835899353,1.2795574033170536,1.6959787409649179,1.605305010744042,3.798193324484549,0.24422741678774432,1.0415052548170944,1.9286705553531647,1.844442069530487,4.402233600616455,0.2718936800956726,1.1635623128960286,308285760.9705882,129662005.0,1189712700.0,4413420.0,339790023.7425585
55,LAND3.SA,20.494114491098255,21.723459792730225,28.23101693259908,12.135337426994752,5.606717053144127,23.010905829937347,24.045558057456645,29.713381500756388,14.323676483959467,5.763136460186139,17.455070451464618,16.083407363734167,25.70946059454055,10.752705457596702,5.232818229741157,20.567931175231934,21.64120388031006,28.55204200744629,12.135336875915527,5.656691601277765,3948285.714285714,3491000.0,6667400.0,2154800.0,1475589.8397470876
56,LIGT3.SA,17.107023182160905,15.280285352499856,64.1551742553711,2.4000000953674316,11.254300115203788,19.805536763035,16.86493980425847,69.90383911132812,4.909999847412109,12.728016132300674,14.195661476549574,12.824115345635972,53.865055084228516,1.8600000143051147,9.89587031707455,16.669014039039613,15.05464792251587,65.47736358642578,2.440000057220459,10.998127213361654,72061424.04,51784772.0,765550400.0,208.0,107773635.10913941
57,LOGG3.SA,19.41845398723955,20.10307679973216,26.937953464068546,12.33436976841518,4.414863649533571,22.70871024737341,21.821039688305415,31.530802347721686,14.516010393456101,4.378083689883413,16.23640819087682,15.720442946660242,22.932922085389023,10.083346366882324,3.7094762170226154,19.58172336578369,20.103076934814453,26.81255340576172,13.089848518371582,4.115494731966679,23660948.0,24719300.0,40412500.0,6079700.0,7929262.666704893
58,LREN3.SA,1109.8819789937656,13.85883497835147,9245.3505859375,0.6686075925827026,2154.4940259885466,1144.1041984053902,15.944578560250017,10438.301828955906,0.9551541805267334,2253.1589359117747,978.110297856051,11.564525598624234,4771.79638671875,0.6599243879318237,1881.5380869590401,982.5190109407902,13.864095211029053,4771.79638671875,0.9551541805267334,1886.6971606433624,834409722.1,390037546.5,21856749150.0,0.0,2760371008.571906
59,LWSA3.SA,10.320732685085321,7.467840270898057,26.040934481824397,3.939967826680271,6.985635542661157,13.160424343184761,10.429402561740304,33.72719736391775,4.4921117295521675,8.688523765284001,7.997016709410397,5.193190115973262,21.067473058555095,2.3329609209022744,5.972403227078999,10.173229384422303,7.539735317230225,26.031314849853516,3.2777602672576904,6.9699678900481254,538702900.0,501848800.0,1026801400.0,286042000.0,201923306.24497277
60,MGLU3.SA,38.31799510871102,11.668976426807621,229.19680871811286,0.4778917833712373,57.89845988528927,47.57211983049929,17.862658206305678,256.6037528882349,0.6228856285825565,69.44116969512218,29.897642042088286,9.19344428695329,198.50308145920116,0.2692245698653267,47.840116006646745,38.176583822207014,11.698100090026855,226.38401794433594,0.49830830097198486,57.58982423492335,427459674.8,260041486.0,1715221300.0,77168577.0,387277706.7938238
61,MRFG3.SA,7.058432945400835,6.168581871976685,16.903327451691478,2.4784478036147086,3.469617427728063,8.490068926047186,7.5944544286227265,18.49151334059143,3.059812785712554,4.046059282617052,5.8480997951376175,4.956896538055702,13.5900652989435,2.123509438074133,2.9713638809674987,7.155668601183824,6.110085964202881,17.030000686645508,2.447849750518799,3.6479679561098957,287592781.25352114,189849970.0,1075215589.0,4418451.0,255429055.92733926
62,MRVE3.SA,8.351535656730444,7.210791774292003,19.71989314004526,1.678077359826654,3.941156360907137,9.91945185959042,8.335695957063756,20.634778544971013,2.4859159062068663,4.482733257021977,6.875875475115388,6.2200000286102295,15.313654611269953,1.0877987146377563,3.233014327455845,8.32456590788705,7.122938394546509,19.520610809326172,1.6527798175811768,3.9155959830444105,337687158.01428574,256039107.5,1387970200.0,88398005.0,238409630.94118014
63,MULT3.SA,14.27467439565312,14.5672081270549,27.30283448161579,2.7916118887960226,6.371295901777216,16.096177242919712,15.516822407495912,29.784157859843592,3.626148618317159,7.0327071958946705,12.66981126618548,13.335443479596428,23.535497839668114,1.8935791986006765,5.6244055780603865,14.470869565010071,14.894625186920166,27.252473831176758,2.791611671447754,6.307037929852355,174777958.44285715,134418000.0,565716435.0,17538368.0,135885129.6795521
64,OGXP3.SA,536.0429901130292,376.2499694824219,2239.0,1.5,672.2116881045523,640.2357871140381,376.2499694824219,2339.0,1.7899999618530273,773.216214292539,417.2031938905319,170.3749949813285,1851.0,1.340000033378601,551.9342201350219,526.2119902873039,303.62498474121094,2205.0,1.5,672.5404067106109,14718653.5,7523350.0,144905533.0,0.0,26812378.805538516
65,OIBR3.SA,6168.986301112401,3388.166015625,34089.03515625,5.389999866485596,7885.734405290954,7087.901216116845,3820.970929647442,35042.66015625,5.590000152587891,8874.438083486144,5224.0419227936945,2533.3175619374465,31883.072265625004,0.8999999761581421,7076.990047024545,6186.606870167858,3079.170654296875,34094.78125,1.340000033378601,8091.439404065266,22824028.12087912,130992.0,325179600.0,0.0,49625574.027007565
66,OIBR4.SA,-8252.043611920866,282.0,152939.84346171588,-108740.1640625,38599.97499054355,-1708.377978693579,408.0,188074.69287909835,-96220.74586603139,39895.18634025269,-13467.773646992931,179.0,18062.387275891426,-128413.578125,38828.411400519086,-7363.53199669555,282.0,149495.265625,-108740.1640625,37583.03607254386,1315688.4725274725,633714.0,9804908.0,419.0,1866718.6136762456
67,PCAR3.SA,6.495249649799336,4.647353649139404,38.2758563071467,1.5539065599441528,6.383839303196112,7.524992263829034,4.898024082183838,41.21181963994017,1.8531328439712524,8.109042121341329,5.7413144886334955,4.5879340171813965,29.764142915602893,1.5539065599441528,4.985032880281718,6.490585288616142,4.647353649139404,38.08866500854492,1.7584866285324097,6.3465584305455405,102433976.63636364,755.0,1030023887.0,0.0,253431397.6211986
68,PDGR3.SA,12241949.62116187,503473.4375,55631625.207378194,2.5,16254251.328124462,14615652.13005507,814933.59375,61555613.17609565,2.5,19173082.144299813,9933171.262197116,290292.90625,48307420.68573075,1.25,13891673.16871626,12023892.890245225,339989.4375,54716100.0,1.25,16390527.129567297,472513.5416666667,301.5,21796818.0,1.0,2701449.8644696563
69,PETR3.SA,7.560164295803275,5.69200677085154,34.244010207818015,1.1441658735275269,6.8440926411523115,8.933605333212034,6.939714297604261,38.1720652596488,1.3368055820465088,7.9923486426011685,6.6640037828030225,5.038066621993364,32.63711068193105,0.9748759269714355,6.420172750819846,7.897809292078018,5.770861387252808,36.68669891357422,1.24535071849823,7.384352152169721,4710689871.91,768395500.0,182364160000.0,94857000.0,24482319902.159996
70,PETR4.SA,6.41656850413139,4.767389933505518,31.964048384458938,0.9189643405420402,6.305359181226467,7.693270511807701,5.762009284361307,34.97606763214019,1.2179040312767029,7.348156439197931,5.666201599105805,4.140702066585708,30.059168188185104,0.8463822424812634,5.941098729679122,6.715487751364708,4.790575265884399,33.523006439208984,0.9091227650642395,6.808259362309847,32558006267.83,2276896350.0,1508357625600.0,581733000.0,208135263168.5763
71,PETZ3.SA,11.122306673306884,9.578774415546535,24.045937727046624,3.4043729053261256,6.835739181449815,13.09134789741768,11.038753360181703,26.802561906538802,4.445633676991743,7.742726713469951,8.984003991156747,6.83663349101616,20.516344306659274,2.8478373521904983,5.848671799204076,10.49408495426178,7.7358222007751465,23.978239059448242,3.4137773513793945,6.953765973746373,590714221.7222222,642823150.0,1077368500.0,49526675.0,300600971.6583318
72,POMO4.SA,1.848027502046327,1.7486842794252881,7.419300224524217,0.1406089812517166,1.5536587274155165,2.1840744398654506,2.174286244601837,8.988141229377426,0.17147420570262825,1.82019746682628,1.6046042254181296,1.5378884825569816,6.70110538172144,0.13443581759929657,1.3646738465661408,1.9127368679642678,1.8782517910003662,7.372929096221924,0.15775643289089203,1.624844371674613,212232926.46,153986250.0,762389310.0,16847245.0,165618593.56996417
73,POSI3.SA,6.239855313117668,4.428136006992242,27.033159351355426,1.0894943868511087,5.681204273711235,7.634719762379062,5.40550793989129,30.768934152266212,1.2525479896407874,6.6568806617030365,4.974452400090792,3.381134328554731,23.800861945730762,0.904206256542526,4.711248728953587,6.08246498891752,4.383664131164551,27.033159255981445,1.0894944667816162,5.571576917555228,69037373.61643836,22537000.0,665983900.0,2785300.0,110789454.54837798
74,PRIO3.SA,12.979893338855048,4.492783722371586,48.91999816894531,0.177714559938922,15.205221564809557,16.12099586129119,7.068646482080491,52.130001068115234,0.2446071228934716,17.536345896958373,10.957372992391182,3.1669132744006636,41.61000061035156,0.136780300977272,13.537707175587766,13.207807403907442,4.442863941192627,48.7400016784668,0.17471936345100403,15.479752124487627,505737199.4736842,364147000.0,2051653000.0,30596000.0,470089860.0520702
75,PRML3.SA,18.639357795106605,11.109999656677246,49.38827133178711,2.542762041091919,14.16863352946394,29.444515522490157,16.283458709716797,355.3021545410156,5.085524082183838,50.99805420496347,14.550715639236126,9.097709655761719,39.804012298583984,2.444962978363037,11.44629695678424,18.65164898304229,11.300000190734863,49.19267272949219,2.542762041091919,13.910397540501823,29680774.127659574,22869900.0,211060940.0,1721080.0,32768013.343978535
76,PRTX3.SA,3.024285708154951,3.119999885559082,3.9000000953674316,1.6299999952316284,0.8316220593423128,3.4500000136239186,3.5,4.199999809265137,2.2799999713897705,0.5968528360775535,2.292857153075082,2.200000047683716,3.759999990463257,1.350000023841858,0.8643246692212863,2.8485714367457797,3.0,3.859999895095825,1.5399999618530273,0.775466062209642,33109127.14285714,9559000.0,180606589.0,2200900.0,65154812.93377331
77,QUAL3.SA,14.317344670702242,13.16450253371523,32.62814249772108,1.3957716649024854,7.86167251365337,16.579161370043668,14.279411212932649,39.869029151939735,2.0537783182450937,8.971777488438507,11.827823201538628,11.528894047734912,27.28530373236796,1.3359529203545406,6.442672554408788,14.241376753286882,13.408369064331055,32.760597229003906,1.3957716226577759,8.017594790304997,178356947.16363636,161403200.0,386146100.0,8015100.0,97035891.52278742
78,RADL3.SA,7.3430449419862205,2.72909051490858,28.66688254327029,0.0052384305745363235,8.92962193699419,8.28630135620998,3.209593772925201,29.68161237982349,0.00982304047313753,9.851412421278244,6.658328270941988,2.3873827965125756,25.471433433815097,0.004583823494613171,8.061125847488912,7.551843751519918,3.0263936519622803,28.551542282104492,0.0052384305745363235,9.001322983557463,239460396.51,293880860.0,588219320.0,0.0,192789730.20506248
79,RAIL3.SA,15.268931730900423,17.408089817195844,24.99619025228178,3.285973310470581,5.744318502071191,17.479520106970895,19.620870573760108,25.5375208982982,4.79600191116333,5.879199034817038,13.446955285565036,14.843862458623573,20.817497329537655,1.2631055301697907,5.439744112771237,15.39671830030588,17.56971549987793,24.787256240844727,3.1625115871429443,5.747082738878527,582448716.9230769,618244400.0,955739900.0,93167400.0,203886682.9873544
80,RAIZ4.SA,4.294244280785433,3.912833528518998,6.596121923799527,2.739650005914255,1.341345952198788,4.737721337327295,4.3396917942465505,6.70194196042671,3.240000009536743,1.3122580155738717,3.3948077284387077,3.169080346492004,5.59964831358005,2.0999999046325684,1.0413131701028322,3.967452440943037,3.6360225677490234,6.261024475097656,2.1600000858306885,1.2686244512683886,998458257.1428572,851388550.0,2011232400.0,473584500.0,402229102.4163845
81,RDCD3.SA,28.697272820906207,28.920000076293945,35.4900016784668,21.139999389648438,3.9996112728028144,31.962727546691895,32.204999923706055,39.70000076293945,24.200000762939453,3.9757087680199428,24.433636318553578,24.335000038146973,34.95000076293945,17.299999237060547,4.465419165936919,28.79181818528609,28.424999237060547,35.45000076293945,21.049999237060547,4.125306098475864,136049575.04545453,126996250.0,205221800.0,18552100.0,44098469.45495738
82,RDOR3.SA,38.97826295905364,30.02381075076722,63.63064138319694,20.17788151275137,16.404255721561192,44.580747368462525,35.54069577637964,70.85350467433511,28.00554545350082,16.697459890342607,32.68937640594236,24.41083482356876,60.02840236344571,18.304831012148316,15.404720318125461,36.95608071719899,28.028636932373047,63.27317428588867,20.092741012573242,15.671064960982099,288620905.8235294,298584100.0,471649500.0,27947696.0,117445741.28949188
83,RENT3.SA,18.483893388261638,7.93523020754801,62.605026241543634,0.7650953180658338,19.312929644895025,21.513363706323624,9.101291173063297,66.19280528144321,0.8375498652458191,21.952231161114135,15.919923021748836,7.429029524823646,50.55714874538219,0.7305295206408076,16.337403491798934,18.82888817409926,8.095110893249512,62.069091796875,0.8375498652458191,19.17729021725671,452414762.12658226,274566294.0,6146199300.0,80422533.0,793516239.4005082
84,RSID3.SA,93.99477295835499,34.6133918762207,576.7789197793381,2.380000114440918,130.39299250327582,115.7103837078689,39.494765837432965,666.751577382713,3.380000114440918,156.3599733782129,73.98486204846726,26.62568503969168,479.4842679293747,1.659999966621399,104.58095334245826,93.2585426902771,34.6133918762207,571.3428344726562,2.359999895095825,130.07994599841913,9778415.84,5999038.5,124870092.0,119.0,15257826.331883302
85,SBSP3.SA,19.378055021174696,12.65230795672419,87.51385494057358,1.5605820208767844,19.450843298398336,22.2842884492991,15.52695494979778,96.67644685981104,1.8397525144202043,22.29364419085918,17.05381856933851,11.051069503018818,83.1309079979811,1.414850648862185,17.52226641868782,20.1100993847847,13.015604019165039,87.46548461914062,1.5491828918457031,20.39111023341624,91405740.83,76741200.0,389630400.0,43781.0,86766614.64241149
86,SLCE3.SA,6.311537595467281,2.5926323757107643,19.043688347705277,1.4642401025104224,6.1174015170334,7.290505427442373,2.8295726255842393,22.70736635880702,1.7047436186854061,6.909725835367575,5.662063582054789,2.182082682609115,17.623840671278607,0.7191516767647133,5.627458007447788,6.509945350633541,2.6755776405334473,18.68352508544922,1.4736716747283936,6.199610936169258,112219641.91549295,81508020.0,263061260.0,35664462.0,66911853.81714107
87,SMTO3.SA,13.054659649829587,10.28560021052219,38.4644724591867,2.0399585802048246,9.449362652661927,15.14469514751674,12.52350198358089,45.735453518765446,3.288821103276273,11.039503109333289,11.371622093186712,9.13091053616386,31.360025002504557,1.999958658214441,8.101442891386224,13.294328391551971,11.412651538848877,38.352073669433594,2.0355138778686523,9.451306314926908,53705771.80555555,48516650.0,164271900.0,7552200.0,36775112.34721713
88,SUZB3.SA,23.170967565273564,16.929195404052734,61.97853140796838,0.6205196380615234,16.343700685352616,25.997942927528577,16.973920822143555,71.20612184989659,4.604254722595215,19.263253769750246,21.16954477820999,16.884469985961914,52.00386094891157,0.6205196380615234,13.866134227717565,23.842662293736527,16.973920822143555,61.959163665771484,0.6205196380615234,16.747993236659617,143815041.46341464,0.0,612776400.0,0.0,205490881.5324459
89,SYNE3.SA,1.6462899048076318,1.3857526921871774,12.690411567687988,0.055175699293613434,1.596761462423629,2.0096887715656098,1.553741693496704,12.690411567687988,0.06234854459762573,2.037245147458078,1.314902251185471,1.2473296523094177,4.253322113074885,0.05379631370306015,0.9465940982128851,1.5568531642854213,1.3867905735969543,5.149990558624268,0.055175699293613434,1.1520834080036222,9627801.42,1594334.0,95039900.0,4000.0,15410561.12616773
90,TELB3.SA,47.494312297105786,21.640321731567383,352.33782958984375,0.8810650110244751,67.49409973202148,66.76436641931534,32.39516067504883,486.2441101074219,1.7621300220489502,91.6162922665375,35.42479938030243,16.37469720840454,281.9407653808594,0.8810650110244751,50.29504299697802,47.77862919807434,21.640321731567383,351.5448913574219,0.8810650110244751,68.00839264871084,95227.82,55116.5,803005.0,422.0,131259.12673486592
91,TELB4.SA,38.38612747192383,25.30716896057129,163.1222381591797,6.445271015167236,38.03814525107818,58.8621149483849,33.57709503173828,381.8823547363281,9.6899995803833,70.2834066616131,28.428145303445703,21.085652351379395,126.06192779541016,5.023519992828369,27.92419504250922,37.14815317883211,24.785860061645508,165.87095642089844,6.160921096801758,37.90480446420682,487106763.89705884,573600.0,12697660586.0,139080.0,1897711827.8014157
92,TIMS3.SA,6.738149855860335,6.261657410554163,16.959215215112557,2.0214318991779887,3.1256419449046997,7.683671422820543,6.627148914093318,17.17571838104833,2.8352551343033285,3.3818550762317816,5.9521191187490885,5.13681412516169,14.397012903070022,1.8219140314510878,2.9274576921994497,6.88218067242549,6.2882444858551025,16.89607048034668,2.5779826641082764,3.160890287654859,235869901.73076922,246721594.0,645624000.0,22036.0,173008461.5488566
93,TOTS3.SA,12.574641230995514,9.127751846657802,35.187384717445504,1.5032162271033267,9.642553278798891,14.543917079627223,10.36508695474772,38.83267112287211,1.747489281444338,11.059811053120935,11.12682142864829,8.429295449817921,31.864634262935915,1.2918259623878687,8.313552028023837,12.904390281752535,9.269386768341064,35.36585235595703,1.4421480894088745,9.678991921674058,202617177.9473684,105335314.0,2391420668.0,31781988.0,306010268.1974059
94,UGPA3.SA,671950.1547148783,11.076292328674407,3514649.75,1.8135093450546265,1316555.7871969165,697510.8952656564,12.712170092432189,3665586.0,1.8135093450546265,1360631.9102652324,614773.052549901,9.035617911290181,3460742.75,1.6567131280899046,1253044.2751035732,644088.9790573013,10.711038589477539,3514649.75,1.8135093450546265,1304043.883891776,291957764.33707863,270731600.0,1332494601.0,0.0,318888240.40375024
95,UNIP6.SA,11.237486128224445,2.008479210596483,67.6009254868919,0.4328618943691254,18.793817567422334,13.141581918418515,2.3951233096233144,81.12111858641812,0.5540632605552673,21.234964719093927,9.704250213794499,1.6181164471428655,62.2562591150859,0.39823294917686053,16.545490403400223,11.4636664763093,2.007692337036133,66.55400085449219,0.43286189436912537,18.966092138357126,16029618.68,13630493.5,73540810.0,679247.0,11393400.76746478
96,USIM3.SA,9.440078648564105,8.164242490751274,26.831297158669248,0.6015822887420654,6.331810880006793,11.335824921861661,9.907065462843569,35.403507291095515,0.8548802137374878,7.3926057722837974,7.674378320370078,6.513837553672284,24.931193300476874,0.5604209445325128,5.12040445352832,9.45432099699974,8.12136173248291,27.484821319580078,0.5857510566711426,6.2657167318831455,31149930.86,18902300.0,422830836.0,76950.0,54216741.36144543
97,USIM6.SA,11.424061652363696,9.589776039123535,36.577701568603516,1.3513073921203613,6.631475147709178,12.879098260666673,10.242294311523438,37.82147979736328,2.0522984705230694,7.292523733098546,9.891461086254754,8.670303344726562,25.742725372314453,0.8867954611778259,5.522655588383429,11.252008108125217,9.589776039123535,36.577701568603516,1.3513073921203613,6.467762925129745,4179.275362318841,1200.0,29700.0,0.0,6335.343511472338
98,VALE3.SA,21.317368949847936,15.742940502768725,73.5077647849034,1.2839023138746657,19.156331712227395,24.42652043332602,18.245267314600845,77.07563091415939,1.483907229469372,21.199873830595894,18.663914905293517,13.776462642878442,62.53218626247165,1.0645420763960531,16.67502002793571,21.745019137859344,15.922882080078125,73.404052734375,1.2903543710708618,19.16744237663162,742569883.96,362359450.0,5403686468.0,55617600.0,830105815.6259463
99,VBBR3.SA,16.510057382032503,16.447230949270665,22.221878680823227,10.576115500983965,3.334893287852194,19.027593511192215,18.153719061664987,25.31100721045986,13.473543841256971,3.2998833441511297,14.239893586190849,13.890798220434867,19.377477006293446,9.420804538958922,2.984238977107274,16.562580823898315,16.441493034362793,22.230764389038086,11.061064720153809,3.2402089420651214,510465728.5714286,534893600.0,905784700.0,41532500.0,192367634.93279266
100,VIVT3.SA,9.348102281702548,8.123168605809221,26.175247870845112,2.410144193898449,5.653833939117407,10.612258141947631,9.40399980545044,28.81694656572461,2.685214811118671,6.464122706447922,8.585363566191225,7.521572483402061,22.219609215302928,2.228074340029083,5.260888599869708,9.549111034870148,8.601195812225342,26.072492599487305,2.4428908824920654,5.752380992105535,53891823.83,2899900.0,383292600.0,1932.0,111738947.23741862
101,WEGE3.SA,8.797235887053947,2.499133822480572,53.94070064136474,0.09628461301326753,12.872397805716764,10.222486622426736,2.8386277101837245,58.677670955788166,0.10135188698768616,14.833884147609945,7.970019142220955,2.1738729306246527,50.53753082128284,0.09628461301326753,11.70171810406925,9.293140286654234,2.648518443107605,53.34244155883789,0.09628461301326752,13.505296880064876,233904394.51,206207716.0,917815200.0,0.0,212337955.07458952
102,YDUQ3.SA,14.435493382950204,12.823132021624005,42.780770721523474,2.4871029517734122,8.970285116175441,17.52286653277216,15.382911125053013,51.52467959661347,3.115900754928589,10.900104220410022,11.879860457219529,10.656417889435996,29.691732396394528,2.1932319184690447,7.037579115851544,14.45659633477529,12.753303527832031,42.46784973144531,2.4849419593811035,8.917766261617988,169215745.86363637,164979250.0,461569245.0,7530600.0,105842877.57805121
